timestamp,region,actual_demand_mw,forecast_demand_mw,rooftop_actual_mw,rooftop_forecast_mw
2026-06-16 16:00:00,NSW1,,,819.424,
2026-06-16 16:00:00,QLD1,,,876.701,
2026-06-16 16:00:00,SA1,,,166.48,
2026-06-16 16:00:00,TAS1,,,10.989,
2026-06-16 16:00:00,VIC1,,,275.839,
2026-06-16 16:30:00,NSW1,,,353.584,
2026-06-16 16:30:00,QLD1,,,468.484,
2026-06-16 16:30:00,SA1,,,121.945,
2026-06-16 16:30:00,TAS1,,,3.025,
2026-06-16 16:30:00,VIC1,,,161.063,
2026-06-16 17:00:00,NSW1,,,47.709,22.597
2026-06-16 17:00:00,QLD1,,,134.428,151.951
2026-06-16 17:00:00,SA1,,,77.366,20.976
2026-06-16 17:00:00,TAS1,,,0.154,0.585
2026-06-16 17:00:00,VIC1,,,33.21,1.537
2026-06-16 17:15:00,NSW1,9473.73,,,
2026-06-16 17:15:00,QLD1,7463.88,,,
2026-06-16 17:15:00,SA1,1829.67,,,
2026-06-16 17:15:00,TAS1,1366.26,,,
2026-06-16 17:15:00,VIC1,6960.15,,,
2026-06-16 17:20:00,NSW1,9500.81,,,
2026-06-16 17:20:00,QLD1,7515.41,,,
2026-06-16 17:20:00,SA1,1854.5,,,
2026-06-16 17:20:00,TAS1,1368.82,,,
2026-06-16 17:20:00,VIC1,7004.94,,,
2026-06-16 17:30:00,NSW1,,9500.64,,0.0
2026-06-16 17:30:00,QLD1,,7539.94,,0.0
2026-06-16 17:30:00,SA1,,1776.64,,2.418
2026-06-16 17:30:00,TAS1,,1350.0,,0.0
2026-06-16 17:30:00,VIC1,,6909.28,,0.0
2026-06-16 17:45:00,NSW1,9811.52,,,
2026-06-16 17:45:00,QLD1,7752.81,,,
2026-06-16 17:45:00,SA1,1915.84,,,
2026-06-16 17:45:00,TAS1,1391.95,,,
2026-06-16 17:45:00,VIC1,7159.13,,,
2026-06-16 17:50:00,NSW1,9796.55,,,
2026-06-16 17:50:00,QLD1,7764.81,,,
2026-06-16 17:50:00,SA1,1930.66,,,
2026-06-16 17:50:00,TAS1,1391.65,,,
2026-06-16 17:50:00,VIC1,7219.7,,,
2026-06-16 18:00:00,NSW1,,9737.82,,0.0
2026-06-16 18:00:00,QLD1,,7674.17,,0.0
2026-06-16 18:00:00,SA1,,1887.58,,0.0
2026-06-16 18:00:00,TAS1,,1389.0,,0.0
2026-06-16 18:00:00,VIC1,,7117.67,,0.0
2026-06-16 18:30:00,NSW1,,9784.54,,0.0
2026-06-16 18:30:00,QLD1,,7697.99,,0.0
2026-06-16 18:30:00,SA1,,1942.1,,0.0
2026-06-16 18:30:00,TAS1,,1379.0,,0.0
2026-06-16 18:30:00,VIC1,,7053.12,,0.0
2026-06-16 19:00:00,NSW1,,9732.03,,0.0
2026-06-16 19:00:00,QLD1,,7665.07,,0.0
2026-06-16 19:00:00,SA1,,1948.62,,0.0
2026-06-16 19:00:00,TAS1,,1362.0,,0.0
2026-06-16 19:00:00,VIC1,,6962.41,,0.0
2026-06-16 19:30:00,NSW1,,9577.66,,0.0
2026-06-16 19:30:00,QLD1,,7525.45,,0.0
2026-06-16 19:30:00,SA1,,1924.96,,0.0
2026-06-16 19:30:00,TAS1,,1339.0,,0.0
2026-06-16 19:30:00,VIC1,,6806.37,,0.0
2026-06-16 20:00:00,NSW1,,9447.32,,0.0
2026-06-16 20:00:00,QLD1,,7388.52,,0.0
2026-06-16 20:00:00,SA1,,1884.18,,0.0
2026-06-16 20:00:00,TAS1,,1316.0,,0.0
2026-06-16 20:00:00,VIC1,,6660.7,,0.0
2026-06-16 20:30:00,NSW1,,9319.62,,0.0
2026-06-16 20:30:00,QLD1,,7256.27,,0.0
2026-06-16 20:30:00,SA1,,1848.98,,0.0
2026-06-16 20:30:00,TAS1,,1295.0,,0.0
2026-06-16 20:30:00,VIC1,,6487.62,,0.0
2026-06-16 21:00:00,NSW1,,9142.6,,0.0
2026-06-16 21:00:00,QLD1,,7219.49,,0.0
2026-06-16 21:00:00,SA1,,1812.04,,0.0
2026-06-16 21:00:00,TAS1,,1264.0,,0.0
2026-06-16 21:00:00,VIC1,,6286.56,,0.0
2026-06-16 21:30:00,NSW1,,8887.47,,0.0
2026-06-16 21:30:00,QLD1,,7101.5,,0.0
2026-06-16 21:30:00,SA1,,1763.82,,0.0
2026-06-16 21:30:00,TAS1,,1238.0,,0.0
2026-06-16 21:30:00,VIC1,,6077.88,,0.0
2026-06-16 22:00:00,NSW1,,8605.56,,0.0
2026-06-16 22:00:00,QLD1,,6886.19,,0.0
2026-06-16 22:00:00,SA1,,1708.02,,0.0
2026-06-16 22:00:00,TAS1,,1201.0,,0.0
2026-06-16 22:00:00,VIC1,,5848.78,,0.0
2026-06-16 22:30:00,NSW1,,8451.35,,0.0
2026-06-16 22:30:00,QLD1,,6681.03,,0.0
2026-06-16 22:30:00,SA1,,1642.04,,0.0
2026-06-16 22:30:00,TAS1,,1163.0,,0.0
2026-06-16 22:30:00,VIC1,,5599.55,,0.0
2026-06-16 23:00:00,NSW1,,8252.82,,0.0
2026-06-16 23:00:00,QLD1,,6467.49,,0.0
2026-06-16 23:00:00,SA1,,1574.27,,0.0
2026-06-16 23:00:00,TAS1,,1123.0,,0.0
2026-06-16 23:00:00,VIC1,,5367.01,,0.0
2026-06-16 23:30:00,NSW1,,8064.85,,0.0
2026-06-16 23:30:00,QLD1,,6266.81,,0.0
2026-06-16 23:30:00,SA1,,1516.05,,0.0
2026-06-16 23:30:00,TAS1,,1095.0,,0.0
2026-06-16 23:30:00,VIC1,,5293.85,,0.0
2026-06-17 00:00:00,NSW1,,7891.37,,0.0
2026-06-17 00:00:00,QLD1,,6108.81,,0.0
2026-06-17 00:00:00,SA1,,1515.29,,0.0
2026-06-17 00:00:00,TAS1,,1072.0,,0.0
2026-06-17 00:00:00,VIC1,,5160.23,,0.0
2026-06-17 00:30:00,NSW1,,7792.64,,0.0
2026-06-17 00:30:00,QLD1,,5924.04,,0.0
2026-06-17 00:30:00,SA1,,1526.57,,0.0
2026-06-17 00:30:00,TAS1,,1057.0,,0.0
2026-06-17 00:30:00,VIC1,,4976.14,,0.0
2026-06-17 01:00:00,NSW1,,7652.62,,0.0
2026-06-17 01:00:00,QLD1,,5752.2,,0.0
2026-06-17 01:00:00,SA1,,1545.64,,0.0
2026-06-17 01:00:00,TAS1,,1044.0,,0.0
2026-06-17 01:00:00,VIC1,,4811.26,,0.0
2026-06-17 01:30:00,NSW1,,7471.18,,0.0
2026-06-17 01:30:00,QLD1,,5619.5,,0.0
2026-06-17 01:30:00,SA1,,1529.78,,0.0
2026-06-17 01:30:00,TAS1,,1030.0,,0.0
2026-06-17 01:30:00,VIC1,,4656.7,,0.0
2026-06-17 02:00:00,NSW1,,7254.45,,0.0
2026-06-17 02:00:00,QLD1,,5558.03,,0.0
2026-06-17 02:00:00,SA1,,1507.92,,0.0
2026-06-17 02:00:00,TAS1,,1028.0,,0.0
2026-06-17 02:00:00,VIC1,,4505.99,,0.0
2026-06-17 02:30:00,NSW1,,7096.11,,0.0
2026-06-17 02:30:00,QLD1,,5508.55,,0.0
2026-06-17 02:30:00,SA1,,1477.97,,0.0
2026-06-17 02:30:00,TAS1,,1030.0,,0.0
2026-06-17 02:30:00,VIC1,,4402.58,,0.0
2026-06-17 03:00:00,NSW1,,6964.94,,0.0
2026-06-17 03:00:00,QLD1,,5488.71,,0.0
2026-06-17 03:00:00,SA1,,1445.02,,0.0
2026-06-17 03:00:00,TAS1,,1032.0,,0.0
2026-06-17 03:00:00,VIC1,,4328.13,,0.0
2026-06-17 03:30:00,NSW1,,6885.48,,0.0
2026-06-17 03:30:00,QLD1,,5506.95,,0.0
2026-06-17 03:30:00,SA1,,1420.6,,0.0
2026-06-17 03:30:00,TAS1,,1036.0,,0.0
2026-06-17 03:30:00,VIC1,,4303.66,,0.0
2026-06-17 04:00:00,NSW1,,6842.55,,0.0
2026-06-17 04:00:00,QLD1,,5527.58,,0.0
2026-06-17 04:00:00,SA1,,1401.83,,0.0
2026-06-17 04:00:00,TAS1,,1041.0,,0.0
2026-06-17 04:00:00,VIC1,,4281.23,,0.0
2026-06-17 04:30:00,NSW1,,6897.06,0.0,0.0
2026-06-17 04:30:00,QLD1,,5602.41,0.0,0.0
2026-06-17 04:30:00,SA1,,1394.56,0.0,0.0
2026-06-17 04:30:00,TAS1,,1050.0,0.0,0.0
2026-06-17 04:30:00,VIC1,,4299.56,0.0,0.0
2026-06-17 05:00:00,NSW1,,6994.17,0.0,0.0
2026-06-17 05:00:00,QLD1,,5733.36,0.0,0.0
2026-06-17 05:00:00,SA1,,1388.83,0.0,0.0
2026-06-17 05:00:00,TAS1,,1063.0,0.0,0.0
2026-06-17 05:00:00,VIC1,,4348.52,0.0,0.0
2026-06-17 05:30:00,NSW1,,7193.57,,0.0
2026-06-17 05:30:00,QLD1,,5900.97,,0.0
2026-06-17 05:30:00,SA1,,1376.9,,0.0
2026-06-17 05:30:00,TAS1,,1000.0,,0.0
2026-06-17 05:30:00,VIC1,,4521.89,,0.0
2026-06-17 05:55:00,NSW1,7528.1,,,
2026-06-17 05:55:00,QLD1,6236.42,,,
2026-06-17 05:55:00,SA1,1404.64,,,
2026-06-17 05:55:00,TAS1,1054.83,,,
2026-06-17 05:55:00,VIC1,4868.89,,,
2026-06-17 06:00:00,NSW1,7616.96,7473.27,,0.0
2026-06-17 06:00:00,QLD1,6323.15,6139.72,,0.0
2026-06-17 06:00:00,SA1,1420.78,1408.39,,0.0
2026-06-17 06:00:00,TAS1,1063.3,1034.0,,0.0
2026-06-17 06:00:00,VIC1,4926.63,4782.11,,0.0
2026-06-17 06:30:00,NSW1,,8045.18,,0.0
2026-06-17 06:30:00,QLD1,,6489.12,,0.0
2026-06-17 06:30:00,SA1,,1448.91,,0.0
2026-06-17 06:30:00,TAS1,,1108.0,,0.0
2026-06-17 06:30:00,VIC1,,5156.98,,0.0
2026-06-17 07:00:00,NSW1,,8599.62,,0.0
2026-06-17 07:00:00,QLD1,,6709.25,,36.535
2026-06-17 07:00:00,SA1,,1525.39,,0.0
2026-06-17 07:00:00,TAS1,,1182.0,,0.0
2026-06-17 07:00:00,VIC1,,5529.61,,0.0
2026-06-17 07:30:00,NSW1,,9000.18,,92.991
2026-06-17 07:30:00,QLD1,,6801.6,,251.986
2026-06-17 07:30:00,SA1,,1600.36,,0.0
2026-06-17 07:30:00,TAS1,,1243.0,,0.0
2026-06-17 07:30:00,VIC1,,5879.36,,0.0
2026-06-17 08:00:00,NSW1,,9140.18,,442.459
2026-06-17 08:00:00,QLD1,,6650.67,,683.21
2026-06-17 08:00:00,SA1,,1698.49,,0.0
2026-06-17 08:00:00,TAS1,,1301.0,,0.0
2026-06-17 08:00:00,VIC1,,6160.46,,0.0
2026-06-17 08:30:00,NSW1,,9002.13,,917.084
2026-06-17 08:30:00,QLD1,,6400.16,,1135.993
2026-06-17 08:30:00,SA1,,1780.7,,0.0
2026-06-17 08:30:00,TAS1,,1321.0,,3.381
2026-06-17 08:30:00,VIC1,,6293.08,,94.438
2026-06-17 09:00:00,NSW1,,8673.42,,1412.836
2026-06-17 09:00:00,QLD1,,6073.13,,1581.13
2026-06-17 09:00:00,SA1,,1826.79,,0.0
2026-06-17 09:00:00,TAS1,,1318.0,,7.227
2026-06-17 09:00:00,VIC1,,6225.36,,329.438
2026-06-17 09:30:00,NSW1,,8392.43,,1832.653
2026-06-17 09:30:00,QLD1,,5791.3,,1959.79
2026-06-17 09:30:00,SA1,,1834.38,,9.47
2026-06-17 09:30:00,TAS1,,1308.0,,12.976
2026-06-17 09:30:00,VIC1,,6085.24,,568.255
2026-06-17 10:00:00,NSW1,,8102.61,,2154.457
2026-06-17 10:00:00,QLD1,,5552.78,,2258.436
2026-06-17 10:00:00,SA1,,1840.25,,33.166
2026-06-17 10:00:00,TAS1,,1289.0,,20.345
2026-06-17 10:00:00,VIC1,,5888.1,,786.572
2026-06-17 10:30:00,NSW1,,7753.37,,2386.25
2026-06-17 10:30:00,QLD1,,5415.51,,2477.227
2026-06-17 10:30:00,SA1,,1851.38,,60.644
2026-06-17 10:30:00,TAS1,,1273.0,,27.546
2026-06-17 10:30:00,VIC1,,5685.2,,956.117
2026-06-17 11:00:00,NSW1,,7483.59,,2527.035
2026-06-17 11:00:00,QLD1,,5301.97,,2626.612
2026-06-17 11:00:00,SA1,,1895.56,,82.114
2026-06-17 11:00:00,TAS1,,1252.0,,32.897
2026-06-17 11:00:00,VIC1,,5531.48,,1073.891
2026-06-17 11:30:00,NSW1,,7295.4,,2608.376
2026-06-17 11:30:00,QLD1,,5300.93,,2734.061
2026-06-17 11:30:00,SA1,,1872.78,,103.031
2026-06-17 11:30:00,TAS1,,1236.0,,36.172
2026-06-17 11:30:00,VIC1,,5506.37,,1156.34
2026-06-17 12:00:00,NSW1,,7187.11,,2667.567
2026-06-17 12:00:00,QLD1,,5282.14,,2816.498
2026-06-17 12:00:00,SA1,,1823.63,,118.771
2026-06-17 12:00:00,TAS1,,1221.0,,38.963
2026-06-17 12:00:00,VIC1,,5449.92,,1194.702
2026-06-17 12:30:00,NSW1,,7109.89,,2708.071
2026-06-17 12:30:00,QLD1,,5214.64,,2856.52
2026-06-17 12:30:00,SA1,,1818.29,,129.746
2026-06-17 12:30:00,TAS1,,1204.0,,43.936
2026-06-17 12:30:00,VIC1,,5391.49,,1183.535
2026-06-17 13:00:00,NSW1,,7057.25,,2678.313
2026-06-17 13:00:00,QLD1,,5186.46,,2850.207
2026-06-17 13:00:00,SA1,,1799.22,,132.441
2026-06-17 13:00:00,TAS1,,1188.0,,48.505
2026-06-17 13:00:00,VIC1,,5388.0,,1140.65
2026-06-17 13:30:00,NSW1,,7118.46,,2548.29
2026-06-17 13:30:00,QLD1,,5254.96,,2752.798
2026-06-17 13:30:00,SA1,,1775.97,,130.202
2026-06-17 13:30:00,TAS1,,1178.0,,52.322
2026-06-17 13:30:00,VIC1,,5491.77,,1078.017
2026-06-17 14:00:00,NSW1,,7155.7,,2357.324
2026-06-17 14:00:00,QLD1,,5319.69,,2572.803
2026-06-17 14:00:00,SA1,,1776.67,,130.341
2026-06-17 14:00:00,TAS1,,1187.0,,53.091
2026-06-17 14:00:00,VIC1,,5572.31,,984.683
2026-06-17 14:30:00,NSW1,,7273.03,,2077.82
2026-06-17 14:30:00,QLD1,,5470.41,,2302.114
2026-06-17 14:30:00,SA1,,1751.08,,128.272
2026-06-17 14:30:00,TAS1,,1193.0,,47.358
2026-06-17 14:30:00,VIC1,,5458.71,,855.634
2026-06-17 15:00:00,NSW1,,7493.86,,1699.252
2026-06-17 15:00:00,QLD1,,5789.32,,1923.995
2026-06-17 15:00:00,SA1,,1776.5,,115.377
2026-06-17 15:00:00,TAS1,,1206.0,,35.941
2026-06-17 15:00:00,VIC1,,5487.6,,698.65
2026-06-17 15:30:00,NSW1,,7787.76,,1247.725
2026-06-17 15:30:00,QLD1,,6164.39,,1460.013
2026-06-17 15:30:00,SA1,,1797.44,,93.479
2026-06-17 15:30:00,TAS1,,1216.0,,21.954
2026-06-17 15:30:00,VIC1,,5569.8,,522.536
2026-06-17 16:00:00,NSW1,,8159.87,,765.765
2026-06-17 16:00:00,QLD1,,6585.5,,968.838
2026-06-17 16:00:00,SA1,,1805.9,,60.89
2026-06-17 16:00:00,TAS1,,1236.0,,10.781
2026-06-17 16:00:00,VIC1,,5825.57,,327.091
2026-06-17 16:30:00,NSW1,,8563.65,,284.019
2026-06-17 16:30:00,QLD1,,7016.96,,471.851
2026-06-17 16:30:00,SA1,,1823.64,,31.072
2026-06-17 16:30:00,TAS1,,1259.0,,2.809
2026-06-17 16:30:00,VIC1,,6065.4,,132.579
2026-06-17 17:00:00,NSW1,,9042.28,,0.0
2026-06-17 17:00:00,QLD1,,7411.7,,100.79
2026-06-17 17:00:00,SA1,,1876.79,,9.102
2026-06-17 17:00:00,TAS1,,1299.0,,0.0
2026-06-17 17:00:00,VIC1,,6398.36,,0.0
2026-06-17 17:30:00,NSW1,,9487.54,,0.0
2026-06-17 17:30:00,QLD1,,7738.75,,0.0
2026-06-17 17:30:00,SA1,,1937.91,,0.0
2026-06-17 17:30:00,TAS1,,1345.0,,0.0
2026-06-17 17:30:00,VIC1,,6651.07,,0.0
2026-06-17 18:00:00,NSW1,,9800.72,,0.0
2026-06-17 18:00:00,QLD1,,8007.45,,0.0
2026-06-17 18:00:00,SA1,,1990.5,,0.0
2026-06-17 18:00:00,TAS1,,1362.0,,0.0
2026-06-17 18:00:00,VIC1,,6860.8,,0.0
2026-06-17 18:30:00,NSW1,,9825.58,,0.0
2026-06-17 18:30:00,QLD1,,8001.73,,0.0
2026-06-17 18:30:00,SA1,,2014.95,,0.0
2026-06-17 18:30:00,TAS1,,1356.0,,0.0
2026-06-17 18:30:00,VIC1,,6838.3,,0.0
2026-06-17 19:00:00,NSW1,,9771.26,,0.0
2026-06-17 19:00:00,QLD1,,7885.45,,0.0
2026-06-17 19:00:00,SA1,,1984.0,,0.0
2026-06-17 19:00:00,TAS1,,1351.0,,0.0
2026-06-17 19:00:00,VIC1,,6722.14,,0.0
2026-06-17 19:30:00,NSW1,,9608.24,,0.0
2026-06-17 19:30:00,QLD1,,7713.23,,0.0
2026-06-17 19:30:00,SA1,,1945.94,,0.0
2026-06-17 19:30:00,TAS1,,1324.0,,0.0
2026-06-17 19:30:00,VIC1,,6555.17,,0.0
2026-06-17 20:00:00,NSW1,,9449.13,,0.0
2026-06-17 20:00:00,QLD1,,7559.56,,0.0
2026-06-17 20:00:00,SA1,,1902.8,,0.0
2026-06-17 20:00:00,TAS1,,1306.0,,0.0
2026-06-17 20:00:00,VIC1,,6354.96,,0.0
2026-06-17 20:30:00,NSW1,,9296.07,,0.0
2026-06-17 20:30:00,QLD1,,7386.37,,0.0
2026-06-17 20:30:00,SA1,,1861.7,,0.0
2026-06-17 20:30:00,TAS1,,1291.0,,0.0
2026-06-17 20:30:00,VIC1,,6149.24,,0.0
2026-06-17 21:00:00,NSW1,,9109.42,0.0,0.0
2026-06-17 21:00:00,QLD1,,7328.83,0.0,0.0
2026-06-17 21:00:00,SA1,,1823.44,0.0,0.0
2026-06-17 21:00:00,TAS1,,1259.0,0.0,0.0
2026-06-17 21:00:00,VIC1,,5970.02,0.0,0.0
2026-06-17 21:30:00,NSW1,,8862.42,0.0,0.0
2026-06-17 21:30:00,QLD1,,7194.3,0.0,0.0
2026-06-17 21:30:00,SA1,,1775.15,0.0,0.0
2026-06-17 21:30:00,TAS1,,1240.0,0.0,0.0
2026-06-17 21:30:00,VIC1,,5780.88,0.0,0.0
2026-06-17 22:00:00,NSW1,,8780.08,,0.0
2026-06-17 22:00:00,QLD1,,6923.95,,0.0
2026-06-17 22:00:00,SA1,,1698.05,,0.0
2026-06-17 22:00:00,TAS1,,1180.0,,0.0
2026-06-17 22:00:00,VIC1,,5632.37,,0.0
2026-06-17 22:30:00,NSW1,8513.06,8586.66,,0.0
2026-06-17 22:30:00,QLD1,6543.52,6718.27,,0.0
2026-06-17 22:30:00,SA1,1593.57,1646.54,,0.0
2026-06-17 22:30:00,TAS1,1113.99,1115.0,,0.0
2026-06-17 22:30:00,VIC1,5376.54,5350.9,,0.0
2026-06-17 22:35:00,NSW1,8491.59,,,
2026-06-17 22:35:00,QLD1,6584.28,,,
2026-06-17 22:35:00,SA1,1579.05,,,
2026-06-17 22:35:00,TAS1,1117.42,,,
2026-06-17 22:35:00,VIC1,5230.3,,,
2026-06-17 23:00:00,NSW1,,8387.77,,0.0
2026-06-17 23:00:00,QLD1,,6477.18,,0.0
2026-06-17 23:00:00,SA1,,1576.22,,0.0
2026-06-17 23:00:00,TAS1,,1080.0,,0.0
2026-06-17 23:00:00,VIC1,,5175.17,,0.0
2026-06-17 23:30:00,NSW1,,8208.82,,0.0
2026-06-17 23:30:00,QLD1,,6239.47,,0.0
2026-06-17 23:30:00,SA1,,1517.53,,0.0
2026-06-17 23:30:00,TAS1,,1056.0,,0.0
2026-06-17 23:30:00,VIC1,,5172.04,,0.0
2026-06-18 00:00:00,NSW1,,8038.08,,0.0
2026-06-18 00:00:00,QLD1,,6074.72,,0.0
2026-06-18 00:00:00,SA1,,1517.87,,0.0
2026-06-18 00:00:00,TAS1,,1036.0,,0.0
2026-06-18 00:00:00,VIC1,,5070.65,,0.0
2026-06-18 00:30:00,NSW1,,7883.14,,0.0
2026-06-18 00:30:00,QLD1,,5916.11,,0.0
2026-06-18 00:30:00,SA1,,1532.8,,0.0
2026-06-18 00:30:00,TAS1,,1017.0,,0.0
2026-06-18 00:30:00,VIC1,,4917.48,,0.0
2026-06-18 01:00:00,NSW1,,7738.32,,0.0
2026-06-18 01:00:00,QLD1,,5758.09,,0.0
2026-06-18 01:00:00,SA1,,1550.88,,0.0
2026-06-18 01:00:00,TAS1,,1001.0,,0.0
2026-06-18 01:00:00,VIC1,,4748.75,,0.0
2026-06-18 01:30:00,NSW1,,7553.99,,0.0
2026-06-18 01:30:00,QLD1,,5654.65,,0.0
2026-06-18 01:30:00,SA1,,1538.99,,0.0
2026-06-18 01:30:00,TAS1,,983.0,,0.0
2026-06-18 01:30:00,VIC1,,4601.34,,0.0
2026-06-18 02:00:00,NSW1,,7354.38,,0.0
2026-06-18 02:00:00,QLD1,,5611.68,,0.0
2026-06-18 02:00:00,SA1,,1523.97,,0.0
2026-06-18 02:00:00,TAS1,,978.0,,0.0
2026-06-18 02:00:00,VIC1,,4450.99,,0.0
2026-06-18 02:30:00,NSW1,,7201.74,,0.0
2026-06-18 02:30:00,QLD1,,5581.75,,0.0
2026-06-18 02:30:00,SA1,,1496.98,,0.0
2026-06-18 02:30:00,TAS1,,974.0,,0.0
2026-06-18 02:30:00,VIC1,,4330.07,,0.0
2026-06-18 03:00:00,NSW1,,7065.65,,0.0
2026-06-18 03:00:00,QLD1,,5569.84,,0.0
2026-06-18 03:00:00,SA1,,1470.97,,0.0
2026-06-18 03:00:00,TAS1,,971.0,,0.0
2026-06-18 03:00:00,VIC1,,4246.48,,0.0
2026-06-18 03:30:00,NSW1,,6986.38,,0.0
2026-06-18 03:30:00,QLD1,,5579.61,,0.0
2026-06-18 03:30:00,SA1,,1451.99,,0.0
2026-06-18 03:30:00,TAS1,,968.0,,0.0
2026-06-18 03:30:00,VIC1,,4200.49,,0.0
2026-06-18 04:00:00,NSW1,,6949.75,,0.0
2026-06-18 04:00:00,QLD1,,5611.35,,0.0
2026-06-18 04:00:00,SA1,,1438.0,,0.0
2026-06-18 04:00:00,TAS1,,963.0,,0.0
2026-06-18 04:00:00,VIC1,,4168.27,,0.0
2026-06-18 04:30:00,NSW1,,7010.77,,0.0
2026-06-18 04:30:00,QLD1,,5708.85,,0.0
2026-06-18 04:30:00,SA1,,1431.97,,0.0
2026-06-18 04:30:00,TAS1,,967.0,,0.0
2026-06-18 04:30:00,VIC1,,4193.44,,0.0
2026-06-18 05:00:00,NSW1,,7088.91,,0.0
2026-06-18 05:00:00,QLD1,,5843.85,,0.0
2026-06-18 05:00:00,SA1,,1427.74,,0.0
2026-06-18 05:00:00,TAS1,,977.0,,0.0
2026-06-18 05:00:00,VIC1,,4239.52,,0.0
2026-06-18 05:30:00,NSW1,,7329.95,0.0,0.0
2026-06-18 05:30:00,QLD1,,6065.92,0.0,0.0
2026-06-18 05:30:00,SA1,,1441.72,0.0,0.0
2026-06-18 05:30:00,TAS1,,1000.0,0.0,0.0
2026-06-18 05:30:00,VIC1,,4381.24,0.0,0.0
2026-06-18 06:00:00,NSW1,,7452.83,0.0,0.0
2026-06-18 06:00:00,QLD1,,6216.29,0.0,0.0
2026-06-18 06:00:00,SA1,,1417.43,0.0,0.0
2026-06-18 06:00:00,TAS1,,1016.0,0.0,0.0
2026-06-18 06:00:00,VIC1,,4624.27,0.0,0.0
2026-06-18 06:30:00,NSW1,8272.38,7972.38,,0.0
2026-06-18 06:30:00,QLD1,6763.66,6563.43,,0.0
2026-06-18 06:30:00,SA1,1487.79,1478.9,,0.0
2026-06-18 06:30:00,TAS1,1141.74,1103.0,,0.0
2026-06-18 06:30:00,VIC1,5219.1,5033.19,,0.0
2026-06-18 06:35:00,NSW1,8378.29,,,
2026-06-18 06:35:00,QLD1,6851.17,,,
2026-06-18 06:35:00,SA1,1496.98,,,
2026-06-18 06:35:00,TAS1,1142.74,,,
2026-06-18 06:35:00,VIC1,5263.68,,,
2026-06-18 07:00:00,NSW1,,8516.77,,0.0
2026-06-18 07:00:00,QLD1,,6804.73,,72.066
2026-06-18 07:00:00,SA1,,1570.93,,0.0
2026-06-18 07:00:00,TAS1,,1161.0,,0.0
2026-06-18 07:00:00,VIC1,,5439.33,,0.0
2026-06-18 07:30:00,NSW1,,8886.32,,110.105
2026-06-18 07:30:00,QLD1,,6833.56,,312.957
2026-06-18 07:30:00,SA1,,1676.55,,0.0
2026-06-18 07:30:00,TAS1,,1201.0,,0.0
2026-06-18 07:30:00,VIC1,,5813.78,,0.0
2026-06-18 08:00:00,NSW1,,9020.63,,443.683
2026-06-18 08:00:00,QLD1,,6611.68,,811.278
2026-06-18 08:00:00,SA1,,1799.63,,0.0
2026-06-18 08:00:00,TAS1,,1244.0,,0.364
2026-06-18 08:00:00,VIC1,,6115.2,,6.19
2026-06-18 08:30:00,NSW1,,8875.37,,966.626
2026-06-18 08:30:00,QLD1,,6312.55,,1370.384
2026-06-18 08:30:00,SA1,,1863.37,,37.734
2026-06-18 08:30:00,TAS1,,1259.0,,5.737
2026-06-18 08:30:00,VIC1,,6299.29,,45.092
2026-06-18 09:00:00,NSW1,,8541.08,,1508.964
2026-06-18 09:00:00,QLD1,,5923.45,,1899.154
2026-06-18 09:00:00,SA1,,1826.56,,192.871
2026-06-18 09:00:00,TAS1,,1254.0,,10.147
2026-06-18 09:00:00,VIC1,,6305.5,,149.615
2026-06-18 09:30:00,NSW1,,8251.16,,1992.082
2026-06-18 09:30:00,QLD1,,5576.97,,2314.743
2026-06-18 09:30:00,SA1,,1723.89,,369.131
2026-06-18 09:30:00,TAS1,,1243.0,,15.422
2026-06-18 09:30:00,VIC1,,6255.47,,255.8
2026-06-18 10:00:00,NSW1,,7938.55,,2403.397
2026-06-18 10:00:00,QLD1,,5269.83,,2628.924
2026-06-18 10:00:00,SA1,,1606.05,,544.454
2026-06-18 10:00:00,TAS1,,1225.0,,23.032
2026-06-18 10:00:00,VIC1,,6143.82,,369.271
2026-06-18 10:30:00,NSW1,,7590.0,,2702.636
2026-06-18 10:30:00,QLD1,,5109.58,,2828.477
2026-06-18 10:30:00,SA1,,1518.87,,699.246
2026-06-18 10:30:00,TAS1,,1197.0,,28.948
2026-06-18 10:30:00,VIC1,,6054.76,,451.135
2026-06-18 11:00:00,NSW1,,7284.93,,2903.684
2026-06-18 11:00:00,QLD1,,5009.29,,2955.253
2026-06-18 11:00:00,SA1,,1431.68,,818.878
2026-06-18 11:00:00,TAS1,,1178.0,,32.399
2026-06-18 11:00:00,VIC1,,5981.14,,500.575
2026-06-18 11:30:00,NSW1,,7057.87,,3019.031
2026-06-18 11:30:00,QLD1,,5045.17,,3021.242
2026-06-18 11:30:00,SA1,,1306.36,,908.923
2026-06-18 11:30:00,TAS1,,1157.0,,33.339
2026-06-18 11:30:00,VIC1,,6046.97,,532.561
2026-06-18 12:00:00,NSW1,,6957.97,,3036.417
2026-06-18 12:00:00,QLD1,,5065.84,,3026.653
2026-06-18 12:00:00,SA1,,1189.0,,966.14
2026-06-18 12:00:00,TAS1,,1136.0,,33.116
2026-06-18 12:00:00,VIC1,,6035.43,,547.238
2026-06-18 12:30:00,NSW1,,6907.26,,2988.077
2026-06-18 12:30:00,QLD1,,5052.29,,2977.059
2026-06-18 12:30:00,SA1,,1087.74,,1006.1
2026-06-18 12:30:00,TAS1,,1129.0,,33.191
2026-06-18 12:30:00,VIC1,,6038.44,,551.657
2026-06-18 13:00:00,NSW1,,6857.33,,2852.032
2026-06-18 13:00:00,QLD1,,5061.76,,2879.912
2026-06-18 13:00:00,SA1,,997.5,,1017.533
2026-06-18 13:00:00,TAS1,,1125.0,,32.007
2026-06-18 13:00:00,VIC1,,6052.37,,545.337
2026-06-18 13:30:00,NSW1,,6921.46,,2616.004
2026-06-18 13:30:00,QLD1,,5133.88,,2700.729
2026-06-18 13:30:00,SA1,,953.34,,1001.767
2026-06-18 13:30:00,TAS1,,1119.0,,30.97
2026-06-18 13:30:00,VIC1,,6128.03,,531.534
2026-06-18 14:00:00,NSW1,,7001.18,,2317.838
2026-06-18 14:00:00,QLD1,,5242.93,,2445.56
2026-06-18 14:00:00,SA1,,954.21,,976.705
2026-06-18 14:00:00,TAS1,,1131.0,,28.255
2026-06-18 14:00:00,VIC1,,6121.02,,500.013
2026-06-18 14:30:00,NSW1,,7152.46,,1948.775
2026-06-18 14:30:00,QLD1,,5409.24,,2117.401
2026-06-18 14:30:00,SA1,,1056.58,,931.725
2026-06-18 14:30:00,TAS1,,1137.0,,21.85
2026-06-18 14:30:00,VIC1,,5971.35,,440.502
2026-06-18 15:00:00,NSW1,,7414.4,,1541.407
2026-06-18 15:00:00,QLD1,,5718.88,,1741.57
2026-06-18 15:00:00,SA1,,1127.78,,855.047
2026-06-18 15:00:00,TAS1,,1151.0,,14.577
2026-06-18 15:00:00,VIC1,,5972.99,,355.519
2026-06-18 15:30:00,NSW1,,7738.58,,1121.136
2026-06-18 15:30:00,QLD1,,6090.97,,1327.256
2026-06-18 15:30:00,SA1,,1222.79,,747.074
2026-06-18 15:30:00,TAS1,,1163.0,,6.986
2026-06-18 15:30:00,VIC1,,6071.76,,255.47
2026-06-18 16:00:00,NSW1,,8149.79,,683.788
2026-06-18 16:00:00,QLD1,,6501.16,,888.735
2026-06-18 16:00:00,SA1,,1318.36,,594.575
2026-06-18 16:00:00,TAS1,,1181.0,,2.799
2026-06-18 16:00:00,VIC1,,6220.51,,145.764
2026-06-18 16:30:00,NSW1,,8562.48,,238.255
2026-06-18 16:30:00,QLD1,,6922.89,,435.442
2026-06-18 16:30:00,SA1,,1436.65,,415.351
2026-06-18 16:30:00,TAS1,,1200.0,,0.82
2026-06-18 16:30:00,VIC1,,6396.62,,42.208
2026-06-18 17:00:00,NSW1,,9048.0,,0.0
2026-06-18 17:00:00,QLD1,,7323.17,,103.03
2026-06-18 17:00:00,SA1,,1611.46,,228.07
2026-06-18 17:00:00,TAS1,,1237.0,,0.0
2026-06-18 17:00:00,VIC1,,6639.48,,0.0
2026-06-18 17:30:00,NSW1,,9472.48,,0.0
2026-06-18 17:30:00,QLD1,,7650.09,,0.0
2026-06-18 17:30:00,SA1,,1796.79,,56.114
2026-06-18 17:30:00,TAS1,,1280.0,,0.0
2026-06-18 17:30:00,VIC1,,6833.14,,0.0
2026-06-18 18:00:00,NSW1,,9768.62,,0.0
2026-06-18 18:00:00,QLD1,,7923.61,,0.0
2026-06-18 18:00:00,SA1,,1976.74,,0.0
2026-06-18 18:00:00,TAS1,,1298.0,,0.0
2026-06-18 18:00:00,VIC1,,6998.94,,0.0
2026-06-18 18:30:00,NSW1,,9788.5,,0.0
2026-06-18 18:30:00,QLD1,,7924.18,,0.0
2026-06-18 18:30:00,SA1,,2109.08,,0.0
2026-06-18 18:30:00,TAS1,,1295.0,,0.0
2026-06-18 18:30:00,VIC1,,6968.01,,0.0
2026-06-18 19:00:00,NSW1,,9730.24,,0.0
2026-06-18 19:00:00,QLD1,,7819.06,,0.0
2026-06-18 19:00:00,SA1,,2154.57,,0.0
2026-06-18 19:00:00,TAS1,,1284.0,,0.0
2026-06-18 19:00:00,VIC1,,6864.15,,0.0
2026-06-18 19:30:00,NSW1,,9574.74,,0.0
2026-06-18 19:30:00,QLD1,,7652.1,,0.0
2026-06-18 19:30:00,SA1,,2144.56,,0.0
2026-06-18 19:30:00,TAS1,,1268.0,,0.0
2026-06-18 19:30:00,VIC1,,6714.03,,0.0
2026-06-18 20:00:00,NSW1,,9424.94,,0.0
2026-06-18 20:00:00,QLD1,,7504.97,,0.0
2026-06-18 20:00:00,SA1,,2117.52,,0.0
2026-06-18 20:00:00,TAS1,,1246.0,,0.0
2026-06-18 20:00:00,VIC1,,6498.67,,0.0
2026-06-18 20:30:00,NSW1,,9269.81,0.0,0.0
2026-06-18 20:30:00,QLD1,,7350.82,0.0,0.0
2026-06-18 20:30:00,SA1,,2101.56,0.0,0.0
2026-06-18 20:30:00,TAS1,,1232.0,0.0,0.0
2026-06-18 20:30:00,VIC1,,6322.25,0.0,0.0
2026-06-18 21:00:00,NSW1,,9089.82,0.0,0.0
2026-06-18 21:00:00,QLD1,,7302.54,0.0,0.0
2026-06-18 21:00:00,SA1,,2062.56,0.0,0.0
2026-06-18 21:00:00,TAS1,,1207.0,0.0,0.0
2026-06-18 21:00:00,VIC1,,6158.59,0.0,0.0
2026-06-18 21:30:00,NSW1,,8846.59,,0.0
2026-06-18 21:30:00,QLD1,,7050.89,,0.0
2026-06-18 21:30:00,SA1,,1973.7,,0.0
2026-06-18 21:30:00,TAS1,,1108.0,,0.0
2026-06-18 21:30:00,VIC1,,6234.38,,0.0
2026-06-18 21:35:00,NSW1,8678.84,,,
2026-06-18 21:35:00,QLD1,6978.89,,,
2026-06-18 21:35:00,SA1,1916.63,,,
2026-06-18 21:35:00,TAS1,1096.11,,,
2026-06-18 21:35:00,VIC1,6137.6,,,
2026-06-18 21:40:00,NSW1,8647.71,,,
2026-06-18 21:40:00,QLD1,7016.85,,,
2026-06-18 21:40:00,SA1,1910.05,,,
2026-06-18 21:40:00,TAS1,1086.59,,,
2026-06-18 21:40:00,VIC1,6047.97,,,
2026-06-18 22:00:00,NSW1,,8562.97,,0.0
2026-06-18 22:00:00,QLD1,,6908.42,,0.0
2026-06-18 22:00:00,SA1,,1917.51,,0.0
2026-06-18 22:00:00,TAS1,,1081.0,,0.0
2026-06-18 22:00:00,VIC1,,6053.46,,0.0
2026-06-18 22:30:00,NSW1,,8429.01,,0.0
2026-06-18 22:30:00,QLD1,,6683.72,,0.0
2026-06-18 22:30:00,SA1,,1820.5,,0.0
2026-06-18 22:30:00,TAS1,,1045.0,,0.0
2026-06-18 22:30:00,VIC1,,5808.18,,0.0
2026-06-18 23:00:00,NSW1,,8233.21,,0.0
2026-06-18 23:00:00,QLD1,,6451.54,,0.0
2026-06-18 23:00:00,SA1,,1718.91,,0.0
2026-06-18 23:00:00,TAS1,,1012.0,,0.0
2026-06-18 23:00:00,VIC1,,5607.03,,0.0
2026-06-18 23:30:00,NSW1,,8038.4,,0.0
2026-06-18 23:30:00,QLD1,,6254.51,,0.0
2026-06-18 23:30:00,SA1,,1639.59,,0.0
2026-06-18 23:30:00,TAS1,,986.0,,0.0
2026-06-18 23:30:00,VIC1,,5533.0,,0.0
2026-06-19 00:00:00,NSW1,,7857.02,,0.0
2026-06-19 00:00:00,QLD1,,6103.41,,0.0
2026-06-19 00:00:00,SA1,,1623.02,,0.0
2026-06-19 00:00:00,TAS1,,962.0,,0.0
2026-06-19 00:00:00,VIC1,,5395.35,,0.0
2026-06-19 00:30:00,NSW1,,7698.6,,0.0
2026-06-19 00:30:00,QLD1,,5951.38,,0.0
2026-06-19 00:30:00,SA1,,1628.22,,0.0
2026-06-19 00:30:00,TAS1,,944.0,,0.0
2026-06-19 00:30:00,VIC1,,5229.67,,0.0
2026-06-19 01:00:00,NSW1,,7538.62,,0.0
2026-06-19 01:00:00,QLD1,,5801.07,,0.0
2026-06-19 01:00:00,SA1,,1639.97,,0.0
2026-06-19 01:00:00,TAS1,,928.0,,0.0
2026-06-19 01:00:00,VIC1,,5055.41,,0.0
2026-06-19 01:30:00,NSW1,,7344.75,,0.0
2026-06-19 01:30:00,QLD1,,5698.39,,0.0
2026-06-19 01:30:00,SA1,,1621.66,,0.0
2026-06-19 01:30:00,TAS1,,918.0,,0.0
2026-06-19 01:30:00,VIC1,,4884.93,,0.0
2026-06-19 02:00:00,NSW1,,7113.67,,0.0
2026-06-19 02:00:00,QLD1,,5639.48,,0.0
2026-06-19 02:00:00,SA1,,1601.57,,0.0
2026-06-19 02:00:00,TAS1,,920.0,,0.0
2026-06-19 02:00:00,VIC1,,4722.43,,0.0
2026-06-19 02:30:00,NSW1,,6953.89,,0.0
2026-06-19 02:30:00,QLD1,,5608.56,,0.0
2026-06-19 02:30:00,SA1,,1563.46,,0.0
2026-06-19 02:30:00,TAS1,,924.0,,0.0
2026-06-19 02:30:00,VIC1,,4587.37,,0.0
2026-06-19 03:00:00,NSW1,,6814.5,,0.0
2026-06-19 03:00:00,QLD1,,5590.76,,0.0
2026-06-19 03:00:00,SA1,,1528.13,,0.0
2026-06-19 03:00:00,TAS1,,929.0,,0.0
2026-06-19 03:00:00,VIC1,,4487.04,,0.0
2026-06-19 03:30:00,NSW1,,6728.87,,0.0
2026-06-19 03:30:00,QLD1,,5596.97,,0.0
2026-06-19 03:30:00,SA1,,1498.79,,0.0
2026-06-19 03:30:00,TAS1,,936.0,,0.0
2026-06-19 03:30:00,VIC1,,4424.41,,0.0
2026-06-19 04:00:00,NSW1,,6688.27,,0.0
2026-06-19 04:00:00,QLD1,,5621.95,,0.0
2026-06-19 04:00:00,SA1,,1476.27,,0.0
2026-06-19 04:00:00,TAS1,,943.0,,0.0
2026-06-19 04:00:00,VIC1,,4389.86,,0.0
2026-06-19 04:30:00,NSW1,,6732.53,,0.0
2026-06-19 04:30:00,QLD1,,5702.05,,0.0
2026-06-19 04:30:00,SA1,,1464.16,,0.0
2026-06-19 04:30:00,TAS1,,952.0,,0.0
2026-06-19 04:30:00,VIC1,,4432.35,,0.0
2026-06-19 05:00:00,NSW1,,6791.53,,0.0
2026-06-19 05:00:00,QLD1,,5816.85,,0.0
2026-06-19 05:00:00,SA1,,1461.88,,0.0
2026-06-19 05:00:00,TAS1,,968.0,,0.0
2026-06-19 05:00:00,VIC1,,4512.6,,0.0
2026-06-19 05:30:00,NSW1,,6991.52,,0.0
2026-06-19 05:30:00,QLD1,,6014.99,,0.0
2026-06-19 05:30:00,SA1,,1469.92,,0.0
2026-06-19 05:30:00,TAS1,,1003.0,,0.0
2026-06-19 05:30:00,VIC1,,4682.72,,0.0
2026-06-19 06:00:00,NSW1,,7296.7,,0.0
2026-06-19 06:00:00,QLD1,,6232.25,,0.0
2026-06-19 06:00:00,SA1,,1493.41,,0.0
2026-06-19 06:00:00,TAS1,,1043.0,,0.0
2026-06-19 06:00:00,VIC1,,4935.69,,0.0
2026-06-19 06:30:00,NSW1,,7793.95,,0.0
2026-06-19 06:30:00,QLD1,,6551.09,,0.0
2026-06-19 06:30:00,SA1,,1539.57,,0.0
2026-06-19 06:30:00,TAS1,,1108.0,,0.0
2026-06-19 06:30:00,VIC1,,5340.18,,0.0
2026-06-19 07:00:00,NSW1,,8315.48,,0.0
2026-06-19 07:00:00,QLD1,,6806.06,,15.5
2026-06-19 07:00:00,SA1,,1627.34,,0.0
2026-06-19 07:00:00,TAS1,,1172.0,,0.0
2026-06-19 07:00:00,VIC1,,5843.49,,0.0
2026-06-19 07:30:00,NSW1,,8793.13,,0.0
2026-06-19 07:30:00,QLD1,,6905.6,,303.889
2026-06-19 07:30:00,SA1,,1718.72,,0.0
2026-06-19 07:30:00,TAS1,,1221.0,,0.0
2026-06-19 07:30:00,VIC1,,6316.4,,0.0
2026-06-19 08:00:00,NSW1,,9102.68,,161.252
2026-06-19 08:00:00,QLD1,,6719.49,,821.38
2026-06-19 08:00:00,SA1,,1838.14,,0.0
2026-06-19 08:00:00,TAS1,,1267.0,,0.0
2026-06-19 08:00:00,VIC1,,6692.89,,0.0
2026-06-19 08:30:00,NSW1,,9186.14,,403.975
2026-06-19 08:30:00,QLD1,,6406.99,,1401.53
2026-06-19 08:30:00,SA1,,1914.64,,10.879
2026-06-19 08:30:00,TAS1,,1282.0,,7.644
2026-06-19 08:30:00,VIC1,,6880.56,,68.039
2026-06-19 09:00:00,NSW1,,9085.13,,661.742
2026-06-19 09:00:00,QLD1,,6009.88,,1964.135
2026-06-19 09:00:00,SA1,,1911.51,,118.728
2026-06-19 09:00:00,TAS1,,1270.0,,19.628
2026-06-19 09:00:00,VIC1,,6840.93,,244.789
2026-06-19 09:30:00,NSW1,,9055.68,,893.477
2026-06-19 09:30:00,QLD1,,5655.47,,2438.49
2026-06-19 09:30:00,SA1,,1830.12,,247.447
2026-06-19 09:30:00,TAS1,,1253.0,,33.774
2026-06-19 09:30:00,VIC1,,6778.15,,434.972
2026-06-19 10:00:00,NSW1,,8948.22,,1084.048
2026-06-19 10:00:00,QLD1,,5326.11,,2804.865
2026-06-19 10:00:00,SA1,,1739.99,,369.552
2026-06-19 10:00:00,TAS1,,1229.0,,47.957
2026-06-19 10:00:00,VIC1,,6627.32,,605.532
2026-06-19 10:30:00,NSW1,,8795.09,,1230.028
2026-06-19 10:30:00,QLD1,,5134.2,,3046.024
2026-06-19 10:30:00,SA1,,1658.88,,483.87
2026-06-19 10:30:00,TAS1,,1210.03,,56.645
2026-06-19 10:30:00,VIC1,,6536.22,,727.906
2026-06-19 11:00:00,NSW1,,8665.04,,1335.23
2026-06-19 11:00:00,QLD1,,4992.22,,3213.4
2026-06-19 11:00:00,SA1,,1610.6,,578.354
2026-06-19 11:00:00,TAS1,,1191.0,,61.04
2026-06-19 11:00:00,VIC1,,6348.23,,803.002
2026-06-19 11:30:00,NSW1,,8612.7,,1402.106
2026-06-19 11:30:00,QLD1,,4973.22,,3313.836
2026-06-19 11:30:00,SA1,,1545.53,,655.186
2026-06-19 11:30:00,TAS1,,1171.0,,62.092
2026-06-19 11:30:00,VIC1,,6283.08,,847.665
2026-06-19 12:00:00,NSW1,,8533.71,,1432.494
2026-06-19 12:00:00,QLD1,,4993.36,,3339.98
2026-06-19 12:00:00,SA1,,1491.29,,708.824
2026-06-19 12:00:00,TAS1,,1159.0,,61.73
2026-06-19 12:00:00,VIC1,,6158.46,,874.329
2026-06-19 12:30:00,NSW1,,8395.33,,1430.468
2026-06-19 12:30:00,QLD1,,4955.08,,3279.104
2026-06-19 12:30:00,SA1,,1431.22,,735.535
2026-06-19 12:30:00,TAS1,,1154.0,,59.428
2026-06-19 12:30:00,VIC1,,6087.37,,879.368
2026-06-19 13:00:00,NSW1,,8298.35,,1381.405
2026-06-19 13:00:00,QLD1,,4917.9,,3165.041
2026-06-19 13:00:00,SA1,,1373.26,,733.271
2026-06-19 13:00:00,TAS1,,1145.0,,54.557
2026-06-19 13:00:00,VIC1,,6029.13,,861.444
2026-06-19 13:30:00,NSW1,,8254.88,,1296.844
2026-06-19 13:30:00,QLD1,,4958.44,,2955.313
2026-06-19 13:30:00,SA1,,1343.39,,707.03
2026-06-19 13:30:00,TAS1,,1150.0,,49.474
2026-06-19 13:30:00,VIC1,,5912.59,,831.295
2026-06-19 14:00:00,NSW1,,8229.38,,1183.44
2026-06-19 14:00:00,QLD1,,5061.07,,2665.738
2026-06-19 14:00:00,SA1,,1344.82,,672.759
2026-06-19 14:00:00,TAS1,,1165.0,,42.366
2026-06-19 14:00:00,VIC1,,5798.41,,774.406
2026-06-19 14:30:00,NSW1,,8172.7,,1017.684
2026-06-19 14:30:00,QLD1,,5250.59,,2302.619
2026-06-19 14:30:00,SA1,,1394.25,,623.904
2026-06-19 14:30:00,TAS1,,1182.0,,32.175
2026-06-19 14:30:00,VIC1,,5844.57,,681.91
2026-06-19 15:00:00,NSW1,,8236.07,,805.757
2026-06-19 15:00:00,QLD1,,5666.41,,1884.352
2026-06-19 15:00:00,SA1,,1434.84,,555.516
2026-06-19 15:00:00,TAS1,,1204.0,,22.651
2026-06-19 15:00:00,VIC1,,5943.74,,561.717
2026-06-19 15:30:00,NSW1,,8345.9,,561.7
2026-06-19 15:30:00,QLD1,,6069.28,,1435.464
2026-06-19 15:30:00,SA1,,1521.23,,468.713
2026-06-19 15:30:00,TAS1,,1226.0,,12.412
2026-06-19 15:30:00,VIC1,,6015.45,,421.202
2026-06-19 16:00:00,NSW1,,8602.33,,315.281
2026-06-19 16:00:00,QLD1,,6477.85,,964.833
2026-06-19 16:00:00,SA1,,1597.13,,356.546
2026-06-19 16:00:00,TAS1,,1251.0,,5.263
2026-06-19 16:00:00,VIC1,,6208.0,,252.049
2026-06-19 16:30:00,NSW1,,8921.63,,80.748
2026-06-19 16:30:00,QLD1,,6874.9,,489.566
2026-06-19 16:30:00,SA1,,1689.19,,241.118
2026-06-19 16:30:00,TAS1,,1261.0,,0.509
2026-06-19 16:30:00,VIC1,,6449.22,,90.244
2026-06-19 17:00:00,NSW1,,9248.64,,0.0
2026-06-19 17:00:00,QLD1,,7249.47,,136.689
2026-06-19 17:00:00,SA1,,1815.02,,123.693
2026-06-19 17:00:00,TAS1,,1283.0,,0.0
2026-06-19 17:00:00,VIC1,,6737.24,,0.0
2026-06-19 17:30:00,NSW1,,9537.64,,0.0
2026-06-19 17:30:00,QLD1,,7507.3,,0.0
2026-06-19 17:30:00,SA1,,1947.37,,25.03
2026-06-19 17:30:00,TAS1,,1308.0,,0.0
2026-06-19 17:30:00,VIC1,,7039.39,,0.0
2026-06-19 18:00:00,NSW1,,9713.83,,0.0
2026-06-19 18:00:00,QLD1,,7700.81,,0.0
2026-06-19 18:00:00,SA1,,2073.18,,0.0
2026-06-19 18:00:00,TAS1,,1316.0,,0.0
2026-06-19 18:00:00,VIC1,,7220.74,,0.0
2026-06-19 18:30:00,NSW1,,9643.8,,0.0
2026-06-19 18:30:00,QLD1,,7648.91,,0.0
2026-06-19 18:30:00,SA1,,2164.42,,0.0
2026-06-19 18:30:00,TAS1,,1302.0,,0.0
2026-06-19 18:30:00,VIC1,,7179.6,,0.0
2026-06-19 19:00:00,NSW1,,9539.52,,0.0
2026-06-19 19:00:00,QLD1,,7526.71,,0.0
2026-06-19 19:00:00,SA1,,2177.89,,0.0
2026-06-19 19:00:00,TAS1,,1288.0,,0.0
2026-06-19 19:00:00,VIC1,,7105.15,,0.0
2026-06-19 19:30:00,NSW1,,9373.02,,0.0
2026-06-19 19:30:00,QLD1,,7380.85,,0.0
2026-06-19 19:30:00,SA1,,2156.44,,0.0
2026-06-19 19:30:00,TAS1,,1270.03,,0.0
2026-06-19 19:30:00,VIC1,,6973.0,,0.0
2026-06-19 20:00:00,NSW1,,9212.0,,0.0
2026-06-19 20:00:00,QLD1,,7244.4,,0.0
2026-06-19 20:00:00,SA1,,2127.21,,0.0
2026-06-19 20:00:00,TAS1,,1249.03,,0.0
2026-06-19 20:00:00,VIC1,,6801.75,,0.0
2026-06-19 20:30:00,NSW1,,9075.72,,0.0
2026-06-19 20:30:00,QLD1,,7121.73,,0.0
2026-06-19 20:30:00,SA1,,2111.86,,0.0
2026-06-19 20:30:00,TAS1,,1233.99,,0.0
2026-06-19 20:30:00,VIC1,,6643.81,,0.0
2026-06-19 21:00:00,NSW1,,8927.88,,0.0
2026-06-19 21:00:00,QLD1,,7084.7,,0.0
2026-06-19 21:00:00,SA1,,2077.91,,0.0
2026-06-19 21:00:00,TAS1,,1210.91,,0.0
2026-06-19 21:00:00,VIC1,,6498.95,,0.0
2026-06-19 21:30:00,NSW1,,8755.09,,0.0
2026-06-19 21:30:00,QLD1,,6995.64,,0.0
2026-06-19 21:30:00,SA1,,2027.1,,0.0
2026-06-19 21:30:00,TAS1,,1192.03,,0.0
2026-06-19 21:30:00,VIC1,,6335.41,,0.0
2026-06-19 22:00:00,NSW1,,8543.27,,0.0
2026-06-19 22:00:00,QLD1,,6834.57,,0.0
2026-06-19 22:00:00,SA1,,1950.71,,0.0
2026-06-19 22:00:00,TAS1,,1161.98,,0.0
2026-06-19 22:00:00,VIC1,,6106.14,,0.0
2026-06-19 22:30:00,NSW1,,8426.59,,0.0
2026-06-19 22:30:00,QLD1,,6630.48,,0.0
2026-06-19 22:30:00,SA1,,1866.76,,0.0
2026-06-19 22:30:00,TAS1,,1123.75,,0.0
2026-06-19 22:30:00,VIC1,,5883.65,,0.0
2026-06-19 23:00:00,NSW1,,8256.2,,0.0
2026-06-19 23:00:00,QLD1,,6436.18,,0.0
2026-06-19 23:00:00,SA1,,1774.48,,0.0
2026-06-19 23:00:00,TAS1,,1082.26,,0.0
2026-06-19 23:00:00,VIC1,,5665.11,,0.0
2026-06-19 23:30:00,NSW1,,8091.52,,0.0
2026-06-19 23:30:00,QLD1,,6244.28,,0.0
2026-06-19 23:30:00,SA1,,1693.54,,0.0
2026-06-19 23:30:00,TAS1,,1051.42,,0.0
2026-06-19 23:30:00,VIC1,,5599.18,,0.0
2026-06-20 00:00:00,NSW1,,7931.67,,0.0
2026-06-20 00:00:00,QLD1,,6099.25,,0.0
2026-06-20 00:00:00,SA1,,1668.74,,0.0
2026-06-20 00:00:00,TAS1,,1025.23,,0.0
2026-06-20 00:00:00,VIC1,,5498.09,,0.0
2026-06-20 00:30:00,NSW1,,7843.0,,0.0
2026-06-20 00:30:00,QLD1,,5933.7,,0.0
2026-06-20 00:30:00,SA1,,1665.66,,0.0
2026-06-20 00:30:00,TAS1,,1009.55,,0.0
2026-06-20 00:30:00,VIC1,,5347.39,,0.0
2026-06-20 01:00:00,NSW1,,7685.25,,0.0
2026-06-20 01:00:00,QLD1,,5775.06,,0.0
2026-06-20 01:00:00,SA1,,1665.0,,0.0
2026-06-20 01:00:00,TAS1,,991.85,,0.0
2026-06-20 01:00:00,VIC1,,5170.58,,0.0
2026-06-20 01:30:00,NSW1,,7499.23,,0.0
2026-06-20 01:30:00,QLD1,,5658.92,,0.0
2026-06-20 01:30:00,SA1,,1625.28,,0.0
2026-06-20 01:30:00,TAS1,,972.76,,0.0
2026-06-20 01:30:00,VIC1,,4983.86,,0.0
2026-06-20 02:00:00,NSW1,,7261.61,,0.0
2026-06-20 02:00:00,QLD1,,5584.55,,0.0
2026-06-20 02:00:00,SA1,,1589.32,,0.0
2026-06-20 02:00:00,TAS1,,972.78,,0.0
2026-06-20 02:00:00,VIC1,,4818.93,,0.0
2026-06-20 02:30:00,NSW1,,7101.7,,0.0
2026-06-20 02:30:00,QLD1,,5539.02,,0.0
2026-06-20 02:30:00,SA1,,1547.24,,0.0
2026-06-20 02:30:00,TAS1,,969.67,,0.0
2026-06-20 02:30:00,VIC1,,4679.98,,0.0
2026-06-20 03:00:00,NSW1,,6969.36,,0.0
2026-06-20 03:00:00,QLD1,,5516.24,,0.0
2026-06-20 03:00:00,SA1,,1506.84,,0.0
2026-06-20 03:00:00,TAS1,,966.42,,0.0
2026-06-20 03:00:00,VIC1,,4575.12,,0.0
2026-06-20 03:30:00,NSW1,,6864.34,,0.0
2026-06-20 03:30:00,QLD1,,5503.65,,0.0
2026-06-20 03:30:00,SA1,,1478.0,,0.0
2026-06-20 03:30:00,TAS1,,965.99,,0.0
2026-06-20 03:30:00,VIC1,,4518.85,,0.0
2026-06-20 04:00:00,NSW1,,6823.85,,0.0
2026-06-20 04:00:00,QLD1,,5500.09,,0.0
2026-06-20 04:00:00,SA1,,1457.71,,0.0
2026-06-20 04:00:00,TAS1,,963.63,,0.0
2026-06-20 04:00:00,VIC1,,4482.54,,0.0
2026-06-20 04:30:00,NSW1,,,,0.0
2026-06-20 04:30:00,QLD1,,,,0.0
2026-06-20 04:30:00,SA1,,,,0.0
2026-06-20 04:30:00,TAS1,,,,0.0
2026-06-20 04:30:00,VIC1,,,,0.0
2026-06-20 05:00:00,NSW1,,,,0.0
2026-06-20 05:00:00,QLD1,,,,0.0
2026-06-20 05:00:00,SA1,,,,0.0
2026-06-20 05:00:00,TAS1,,,,0.0
2026-06-20 05:00:00,VIC1,,,,0.0
2026-06-20 05:30:00,NSW1,,,,0.0
2026-06-20 05:30:00,QLD1,,,,0.0
2026-06-20 05:30:00,SA1,,,,0.0
2026-06-20 05:30:00,TAS1,,,,0.0
2026-06-20 05:30:00,VIC1,,,,0.0
2026-06-20 06:00:00,NSW1,,,,0.0
2026-06-20 06:00:00,QLD1,,,,0.0
2026-06-20 06:00:00,SA1,,,,0.0
2026-06-20 06:00:00,TAS1,,,,0.0
2026-06-20 06:00:00,VIC1,,,,0.0
2026-06-20 06:30:00,NSW1,,,,0.0
2026-06-20 06:30:00,QLD1,,,,0.0
2026-06-20 06:30:00,SA1,,,,0.0
2026-06-20 06:30:00,TAS1,,,,0.0
2026-06-20 06:30:00,VIC1,,,,0.0
2026-06-20 07:00:00,NSW1,,,,0.0
2026-06-20 07:00:00,QLD1,,,,0.0
2026-06-20 07:00:00,SA1,,,,0.0
2026-06-20 07:00:00,TAS1,,,,0.0
2026-06-20 07:00:00,VIC1,,,,0.0
2026-06-20 07:30:00,NSW1,,,,1.704
2026-06-20 07:30:00,QLD1,,,,290.759
2026-06-20 07:30:00,SA1,,,,0.0
2026-06-20 07:30:00,TAS1,,,,0.0
2026-06-20 07:30:00,VIC1,,,,0.0
2026-06-20 08:00:00,NSW1,,,,313.126
2026-06-20 08:00:00,QLD1,,,,809.585
2026-06-20 08:00:00,SA1,,,,0.0
2026-06-20 08:00:00,TAS1,,,,0.0
2026-06-20 08:00:00,VIC1,,,,0.0
2026-06-20 08:30:00,NSW1,,,,758.655
2026-06-20 08:30:00,QLD1,,,,1383.252
2026-06-20 08:30:00,SA1,,,,13.972
2026-06-20 08:30:00,TAS1,,,,10.239
2026-06-20 08:30:00,VIC1,,,,35.949
2026-06-20 09:00:00,NSW1,,,,1213.911
2026-06-20 09:00:00,QLD1,,,,1934.085
2026-06-20 09:00:00,SA1,,,,127.854
2026-06-20 09:00:00,TAS1,,,,29.946
2026-06-20 09:00:00,VIC1,,,,175.709
2026-06-20 09:30:00,NSW1,,,,1615.65
2026-06-20 09:30:00,QLD1,,,,2383.762
2026-06-20 09:30:00,SA1,,,,274.228
2026-06-20 09:30:00,TAS1,,,,51.991
2026-06-20 09:30:00,VIC1,,,,335.179
2026-06-20 10:00:00,NSW1,,,,1935.993
2026-06-20 10:00:00,QLD1,,,,2713.383
2026-06-20 10:00:00,SA1,,,,427.311
2026-06-20 10:00:00,TAS1,,,,74.498
2026-06-20 10:00:00,VIC1,,,,478.698
2026-06-20 10:30:00,NSW1,,,,2178.906
2026-06-20 10:30:00,QLD1,,,,2922.278
2026-06-20 10:30:00,SA1,,,,581.077
2026-06-20 10:30:00,TAS1,,,,93.285
2026-06-20 10:30:00,VIC1,,,,593.27
2026-06-20 11:00:00,NSW1,,,,2342.912
2026-06-20 11:00:00,QLD1,,,,3056.973
2026-06-20 11:00:00,SA1,,,,711.467
2026-06-20 11:00:00,TAS1,,,,107.39
2026-06-20 11:00:00,VIC1,,,,670.369
2026-06-20 11:30:00,NSW1,,,,2432.123
2026-06-20 11:30:00,QLD1,,,,3123.461
2026-06-20 11:30:00,SA1,,,,816.358
2026-06-20 11:30:00,TAS1,,,,116.451
2026-06-20 11:30:00,VIC1,,,,723.035
2026-06-20 12:00:00,NSW1,,,,2488.128
2026-06-20 12:00:00,QLD1,,,,3138.601
2026-06-20 12:00:00,SA1,,,,895.652
2026-06-20 12:00:00,TAS1,,,,122.028
2026-06-20 12:00:00,VIC1,,,,756.706
2026-06-20 12:30:00,NSW1,,,,2517.674
2026-06-20 12:30:00,QLD1,,,,3089.131
2026-06-20 12:30:00,SA1,,,,948.74
2026-06-20 12:30:00,TAS1,,,,124.921
2026-06-20 12:30:00,VIC1,,,,772.007
2026-06-20 13:00:00,NSW1,,,,2476.872
2026-06-20 13:00:00,QLD1,,,,3000.323
2026-06-20 13:00:00,SA1,,,,968.513
2026-06-20 13:00:00,TAS1,,,,123.829
2026-06-20 13:00:00,VIC1,,,,767.322
2026-06-20 13:30:00,NSW1,,,,2346.266
2026-06-20 13:30:00,QLD1,,,,2821.272
2026-06-20 13:30:00,SA1,,,,956.548
2026-06-20 13:30:00,TAS1,,,,118.689
2026-06-20 13:30:00,VIC1,,,,754.675
2026-06-20 14:00:00,NSW1,,,,2153.925
2026-06-20 14:00:00,QLD1,,,,2566.797
2026-06-20 14:00:00,SA1,,,,930.2
2026-06-20 14:00:00,TAS1,,,,109.005
2026-06-20 14:00:00,VIC1,,,,714.854
2026-06-20 14:30:00,NSW1,,,,1875.967
2026-06-20 14:30:00,QLD1,,,,2246.75
2026-06-20 14:30:00,SA1,,,,879.253
2026-06-20 14:30:00,TAS1,,,,92.373
2026-06-20 14:30:00,VIC1,,,,637.527
2026-06-20 15:00:00,NSW1,,,,1508.983
2026-06-20 15:00:00,QLD1,,,,1849.843
2026-06-20 15:00:00,SA1,,,,793.541
2026-06-20 15:00:00,TAS1,,,,71.522
2026-06-20 15:00:00,VIC1,,,,524.927
2026-06-20 15:30:00,NSW1,,,,1085.086
2026-06-20 15:30:00,QLD1,,,,1403.042
2026-06-20 15:30:00,SA1,,,,678.432
2026-06-20 15:30:00,TAS1,,,,47.762
2026-06-20 15:30:00,VIC1,,,,385.67
2026-06-20 16:00:00,NSW1,,,,654.45
2026-06-20 16:00:00,QLD1,,,,940.333
2026-06-20 16:00:00,SA1,,,,527.717
2026-06-20 16:00:00,TAS1,,,,25.455
2026-06-20 16:00:00,VIC1,,,,226.879
2026-06-20 16:30:00,NSW1,,,,222.284
2026-06-20 16:30:00,QLD1,,,,483.839
2026-06-20 16:30:00,SA1,,,,358.885
2026-06-20 16:30:00,TAS1,,,,6.403
2026-06-20 16:30:00,VIC1,,,,76.235
2026-06-20 17:00:00,NSW1,,,,0.0
2026-06-20 17:00:00,QLD1,,,,133.024
2026-06-20 17:00:00,SA1,,,,189.043
2026-06-20 17:00:00,TAS1,,,,0.0
2026-06-20 17:00:00,VIC1,,,,0.0
2026-06-20 17:30:00,NSW1,,,,0.0
2026-06-20 17:30:00,QLD1,,,,0.0
2026-06-20 17:30:00,SA1,,,,43.619
2026-06-20 17:30:00,TAS1,,,,0.0
2026-06-20 17:30:00,VIC1,,,,0.0
2026-06-20 18:00:00,NSW1,,,,0.0
2026-06-20 18:00:00,QLD1,,,,0.0
2026-06-20 18:00:00,SA1,,,,0.0
2026-06-20 18:00:00,TAS1,,,,0.0
2026-06-20 18:00:00,VIC1,,,,0.0
2026-06-20 18:30:00,NSW1,,,,0.0
2026-06-20 18:30:00,QLD1,,,,0.0
2026-06-20 18:30:00,SA1,,,,0.0
2026-06-20 18:30:00,TAS1,,,,0.0
2026-06-20 18:30:00,VIC1,,,,0.0
2026-06-20 19:00:00,NSW1,,,,0.0
2026-06-20 19:00:00,QLD1,,,,0.0
2026-06-20 19:00:00,SA1,,,,0.0
2026-06-20 19:00:00,TAS1,,,,0.0
2026-06-20 19:00:00,VIC1,,,,0.0
2026-06-20 19:30:00,NSW1,,,,0.0
2026-06-20 19:30:00,QLD1,,,,0.0
2026-06-20 19:30:00,SA1,,,,0.0
2026-06-20 19:30:00,TAS1,,,,0.0
2026-06-20 19:30:00,VIC1,,,,0.0
2026-06-20 20:00:00,NSW1,,,,0.0
2026-06-20 20:00:00,QLD1,,,,0.0
2026-06-20 20:00:00,SA1,,,,0.0
2026-06-20 20:00:00,TAS1,,,,0.0
2026-06-20 20:00:00,VIC1,,,,0.0
2026-06-20 20:30:00,NSW1,,,,0.0
2026-06-20 20:30:00,QLD1,,,,0.0
2026-06-20 20:30:00,SA1,,,,0.0
2026-06-20 20:30:00,TAS1,,,,0.0
2026-06-20 20:30:00,VIC1,,,,0.0
2026-06-20 21:00:00,NSW1,,,,0.0
2026-06-20 21:00:00,QLD1,,,,0.0
2026-06-20 21:00:00,SA1,,,,0.0
2026-06-20 21:00:00,TAS1,,,,0.0
2026-06-20 21:00:00,VIC1,,,,0.0
2026-06-20 21:30:00,NSW1,,,,0.0
2026-06-20 21:30:00,QLD1,,,,0.0
2026-06-20 21:30:00,SA1,,,,0.0
2026-06-20 21:30:00,TAS1,,,,0.0
2026-06-20 21:30:00,VIC1,,,,0.0
2026-06-20 22:00:00,NSW1,,,,0.0
2026-06-20 22:00:00,QLD1,,,,0.0
2026-06-20 22:00:00,SA1,,,,0.0
2026-06-20 22:00:00,TAS1,,,,0.0
2026-06-20 22:00:00,VIC1,,,,0.0
2026-06-20 22:30:00,NSW1,,,,0.0
2026-06-20 22:30:00,QLD1,,,,0.0
2026-06-20 22:30:00,SA1,,,,0.0
2026-06-20 22:30:00,TAS1,,,,0.0
2026-06-20 22:30:00,VIC1,,,,0.0
2026-06-20 23:00:00,NSW1,,,,0.0
2026-06-20 23:00:00,QLD1,,,,0.0
2026-06-20 23:00:00,SA1,,,,0.0
2026-06-20 23:00:00,TAS1,,,,0.0
2026-06-20 23:00:00,VIC1,,,,0.0
2026-06-20 23:30:00,NSW1,,,,0.0
2026-06-20 23:30:00,QLD1,,,,0.0
2026-06-20 23:30:00,SA1,,,,0.0
2026-06-20 23:30:00,TAS1,,,,0.0
2026-06-20 23:30:00,VIC1,,,,0.0
2026-06-21 00:00:00,NSW1,,,,0.0
2026-06-21 00:00:00,QLD1,,,,0.0
2026-06-21 00:00:00,SA1,,,,0.0
2026-06-21 00:00:00,TAS1,,,,0.0
2026-06-21 00:00:00,VIC1,,,,0.0
2026-06-21 00:30:00,NSW1,,,,0.0
2026-06-21 00:30:00,QLD1,,,,0.0
2026-06-21 00:30:00,SA1,,,,0.0
2026-06-21 00:30:00,TAS1,,,,0.0
2026-06-21 00:30:00,VIC1,,,,0.0
2026-06-21 01:00:00,NSW1,,,,0.0
2026-06-21 01:00:00,QLD1,,,,0.0
2026-06-21 01:00:00,SA1,,,,0.0
2026-06-21 01:00:00,TAS1,,,,0.0
2026-06-21 01:00:00,VIC1,,,,0.0
2026-06-21 01:30:00,NSW1,,,,0.0
2026-06-21 01:30:00,QLD1,,,,0.0
2026-06-21 01:30:00,SA1,,,,0.0
2026-06-21 01:30:00,TAS1,,,,0.0
2026-06-21 01:30:00,VIC1,,,,0.0
2026-06-21 02:00:00,NSW1,,,,0.0
2026-06-21 02:00:00,QLD1,,,,0.0
2026-06-21 02:00:00,SA1,,,,0.0
2026-06-21 02:00:00,TAS1,,,,0.0
2026-06-21 02:00:00,VIC1,,,,0.0
2026-06-21 02:30:00,NSW1,,,,0.0
2026-06-21 02:30:00,QLD1,,,,0.0
2026-06-21 02:30:00,SA1,,,,0.0
2026-06-21 02:30:00,TAS1,,,,0.0
2026-06-21 02:30:00,VIC1,,,,0.0
2026-06-21 03:00:00,NSW1,,,,0.0
2026-06-21 03:00:00,QLD1,,,,0.0
2026-06-21 03:00:00,SA1,,,,0.0
2026-06-21 03:00:00,TAS1,,,,0.0
2026-06-21 03:00:00,VIC1,,,,0.0
2026-06-21 03:30:00,NSW1,,,,0.0
2026-06-21 03:30:00,QLD1,,,,0.0
2026-06-21 03:30:00,SA1,,,,0.0
2026-06-21 03:30:00,TAS1,,,,0.0
2026-06-21 03:30:00,VIC1,,,,0.0
2026-06-21 04:00:00,NSW1,,,,0.0
2026-06-21 04:00:00,QLD1,,,,0.0
2026-06-21 04:00:00,SA1,,,,0.0
2026-06-21 04:00:00,TAS1,,,,0.0
2026-06-21 04:00:00,VIC1,,,,0.0
2026-06-21 04:30:00,NSW1,,,,0.0
2026-06-21 04:30:00,QLD1,,,,0.0
2026-06-21 04:30:00,SA1,,,,0.0
2026-06-21 04:30:00,TAS1,,,,0.0
2026-06-21 04:30:00,VIC1,,,,0.0
2026-06-21 05:00:00,NSW1,,,,0.0
2026-06-21 05:00:00,QLD1,,,,0.0
2026-06-21 05:00:00,SA1,,,,0.0
2026-06-21 05:00:00,TAS1,,,,0.0
2026-06-21 05:00:00,VIC1,,,,0.0
2026-06-21 05:30:00,NSW1,,,,0.0
2026-06-21 05:30:00,QLD1,,,,0.0
2026-06-21 05:30:00,SA1,,,,0.0
2026-06-21 05:30:00,TAS1,,,,0.0
2026-06-21 05:30:00,VIC1,,,,0.0
2026-06-21 06:00:00,NSW1,,,,0.0
2026-06-21 06:00:00,QLD1,,,,0.0
2026-06-21 06:00:00,SA1,,,,0.0
2026-06-21 06:00:00,TAS1,,,,0.0
2026-06-21 06:00:00,VIC1,,,,0.0
2026-06-21 06:30:00,NSW1,,,,0.0
2026-06-21 06:30:00,QLD1,,,,0.0
2026-06-21 06:30:00,SA1,,,,0.0
2026-06-21 06:30:00,TAS1,,,,0.0
2026-06-21 06:30:00,VIC1,,,,0.0
2026-06-21 07:00:00,NSW1,,,,0.0
2026-06-21 07:00:00,QLD1,,,,30.786
2026-06-21 07:00:00,SA1,,,,0.0
2026-06-21 07:00:00,TAS1,,,,0.0
2026-06-21 07:00:00,VIC1,,,,0.0
2026-06-21 07:30:00,NSW1,,,,102.848
2026-06-21 07:30:00,QLD1,,,,159.405
2026-06-21 07:30:00,SA1,,,,0.0
2026-06-21 07:30:00,TAS1,,,,0.0
2026-06-21 07:30:00,VIC1,,,,0.0
2026-06-21 08:00:00,NSW1,,,,471.627
2026-06-21 08:00:00,QLD1,,,,414.783
2026-06-21 08:00:00,SA1,,,,0.0
2026-06-21 08:00:00,TAS1,,,,0.0
2026-06-21 08:00:00,VIC1,,,,10.486
2026-06-21 08:30:00,NSW1,,,,1004.388
2026-06-21 08:30:00,QLD1,,,,708.203
2026-06-21 08:30:00,SA1,,,,22.8
2026-06-21 08:30:00,TAS1,,,,11.873
2026-06-21 08:30:00,VIC1,,,,95.017
2026-06-21 09:00:00,NSW1,,,,1556.219
2026-06-21 09:00:00,QLD1,,,,987.206
2026-06-21 09:00:00,SA1,,,,122.354
2026-06-21 09:00:00,TAS1,,,,32.359
2026-06-21 09:00:00,VIC1,,,,280.41
2026-06-21 09:30:00,NSW1,,,,2044.847
2026-06-21 09:30:00,QLD1,,,,1215.875
2026-06-21 09:30:00,SA1,,,,267.793
2026-06-21 09:30:00,TAS1,,,,56.212
2026-06-21 09:30:00,VIC1,,,,497.15
2026-06-21 10:00:00,NSW1,,,,2440.845
2026-06-21 10:00:00,QLD1,,,,1379.795
2026-06-21 10:00:00,SA1,,,,427.022
2026-06-21 10:00:00,TAS1,,,,80.829
2026-06-21 10:00:00,VIC1,,,,704.222
2026-06-21 10:30:00,NSW1,,,,2725.922
2026-06-21 10:30:00,QLD1,,,,1468.502
2026-06-21 10:30:00,SA1,,,,586.711
2026-06-21 10:30:00,TAS1,,,,101.942
2026-06-21 10:30:00,VIC1,,,,885.706
2026-06-21 11:00:00,NSW1,,,,2918.693
2026-06-21 11:00:00,QLD1,,,,1531.277
2026-06-21 11:00:00,SA1,,,,723.747
2026-06-21 11:00:00,TAS1,,,,118.471
2026-06-21 11:00:00,VIC1,,,,1024.231
2026-06-21 11:30:00,NSW1,,,,3025.465
2026-06-21 11:30:00,QLD1,,,,1564.336
2026-06-21 11:30:00,SA1,,,,835.461
2026-06-21 11:30:00,TAS1,,,,129.868
2026-06-21 11:30:00,VIC1,,,,1125.512
2026-06-21 12:00:00,NSW1,,,,3058.918
2026-06-21 12:00:00,QLD1,,,,1577.549
2026-06-21 12:00:00,SA1,,,,917.701
2026-06-21 12:00:00,TAS1,,,,137.151
2026-06-21 12:00:00,VIC1,,,,1192.014
2026-06-21 12:30:00,NSW1,,,,3026.487
2026-06-21 12:30:00,QLD1,,,,1541.893
2026-06-21 12:30:00,SA1,,,,967.06
2026-06-21 12:30:00,TAS1,,,,140.968
2026-06-21 12:30:00,VIC1,,,,1223.367
2026-06-21 13:00:00,NSW1,,,,2919.629
2026-06-21 13:00:00,QLD1,,,,1508.504
2026-06-21 13:00:00,SA1,,,,976.694
2026-06-21 13:00:00,TAS1,,,,139.919
2026-06-21 13:00:00,VIC1,,,,1220.892
2026-06-21 13:30:00,NSW1,,,,2737.307
2026-06-21 13:30:00,QLD1,,,,1446.502
2026-06-21 13:30:00,SA1,,,,961.217
2026-06-21 13:30:00,TAS1,,,,134.049
2026-06-21 13:30:00,VIC1,,,,1188.078
2026-06-21 14:00:00,NSW1,,,,2508.028
2026-06-21 14:00:00,QLD1,,,,1344.009
2026-06-21 14:00:00,SA1,,,,930.011
2026-06-21 14:00:00,TAS1,,,,122.58
2026-06-21 14:00:00,VIC1,,,,1111.74
2026-06-21 14:30:00,NSW1,,,,2185.804
2026-06-21 14:30:00,QLD1,,,,1196.087
2026-06-21 14:30:00,SA1,,,,872.338
2026-06-21 14:30:00,TAS1,,,,103.858
2026-06-21 14:30:00,VIC1,,,,986.225
2026-06-21 15:00:00,NSW1,,,,1778.877
2026-06-21 15:00:00,QLD1,,,,994.538
2026-06-21 15:00:00,SA1,,,,780.597
2026-06-21 15:00:00,TAS1,,,,80.272
2026-06-21 15:00:00,VIC1,,,,817.151
2026-06-21 15:30:00,NSW1,,,,1315.48
2026-06-21 15:30:00,QLD1,,,,766.49
2026-06-21 15:30:00,SA1,,,,663.077
2026-06-21 15:30:00,TAS1,,,,53.627
2026-06-21 15:30:00,VIC1,,,,617.519
2026-06-21 16:00:00,NSW1,,,,833.538
2026-06-21 16:00:00,QLD1,,,,531.983
2026-06-21 16:00:00,SA1,,,,513.024
2026-06-21 16:00:00,TAS1,,,,29.026
2026-06-21 16:00:00,VIC1,,,,395.17
2026-06-21 16:30:00,NSW1,,,,347.681
2026-06-21 16:30:00,QLD1,,,,302.696
2026-06-21 16:30:00,SA1,,,,349.709
2026-06-21 16:30:00,TAS1,,,,8.907
2026-06-21 16:30:00,VIC1,,,,182.429
2026-06-21 17:00:00,NSW1,,,,52.718
2026-06-21 17:00:00,QLD1,,,,131.778
2026-06-21 17:00:00,SA1,,,,189.009
2026-06-21 17:00:00,TAS1,,,,0.0
2026-06-21 17:00:00,VIC1,,,,48.329
2026-06-21 17:30:00,NSW1,,,,0.0
2026-06-21 17:30:00,QLD1,,,,0.0
2026-06-21 17:30:00,SA1,,,,61.105
2026-06-21 17:30:00,TAS1,,,,0.0
2026-06-21 17:30:00,VIC1,,,,0.0
2026-06-21 18:00:00,NSW1,,,,0.0
2026-06-21 18:00:00,QLD1,,,,0.0
2026-06-21 18:00:00,SA1,,,,4.36
2026-06-21 18:00:00,TAS1,,,,0.0
2026-06-21 18:00:00,VIC1,,,,0.0
2026-06-21 18:30:00,NSW1,,,,0.0
2026-06-21 18:30:00,QLD1,,,,0.0
2026-06-21 18:30:00,SA1,,,,0.0
2026-06-21 18:30:00,TAS1,,,,0.0
2026-06-21 18:30:00,VIC1,,,,0.0
2026-06-21 19:00:00,NSW1,,,,0.0
2026-06-21 19:00:00,QLD1,,,,0.0
2026-06-21 19:00:00,SA1,,,,0.0
2026-06-21 19:00:00,TAS1,,,,0.0
2026-06-21 19:00:00,VIC1,,,,0.0
2026-06-21 19:30:00,NSW1,,,,0.0
2026-06-21 19:30:00,QLD1,,,,0.0
2026-06-21 19:30:00,SA1,,,,0.0
2026-06-21 19:30:00,TAS1,,,,0.0
2026-06-21 19:30:00,VIC1,,,,0.0
2026-06-21 20:00:00,NSW1,,,,0.0
2026-06-21 20:00:00,QLD1,,,,0.0
2026-06-21 20:00:00,SA1,,,,0.0
2026-06-21 20:00:00,TAS1,,,,0.0
2026-06-21 20:00:00,VIC1,,,,0.0
2026-06-21 20:30:00,NSW1,,,,0.0
2026-06-21 20:30:00,QLD1,,,,0.0
2026-06-21 20:30:00,SA1,,,,0.0
2026-06-21 20:30:00,TAS1,,,,0.0
2026-06-21 20:30:00,VIC1,,,,0.0
2026-06-21 21:00:00,NSW1,,,,0.0
2026-06-21 21:00:00,QLD1,,,,0.0
2026-06-21 21:00:00,SA1,,,,0.0
2026-06-21 21:00:00,TAS1,,,,0.0
2026-06-21 21:00:00,VIC1,,,,0.0
2026-06-21 21:30:00,NSW1,,,,0.0
2026-06-21 21:30:00,QLD1,,,,0.0
2026-06-21 21:30:00,SA1,,,,0.0
2026-06-21 21:30:00,TAS1,,,,0.0
2026-06-21 21:30:00,VIC1,,,,0.0
2026-06-21 22:00:00,NSW1,,,,0.0
2026-06-21 22:00:00,QLD1,,,,0.0
2026-06-21 22:00:00,SA1,,,,0.0
2026-06-21 22:00:00,TAS1,,,,0.0
2026-06-21 22:00:00,VIC1,,,,0.0
2026-06-21 22:30:00,NSW1,,,,0.0
2026-06-21 22:30:00,QLD1,,,,0.0
2026-06-21 22:30:00,SA1,,,,0.0
2026-06-21 22:30:00,TAS1,,,,0.0
2026-06-21 22:30:00,VIC1,,,,0.0
2026-06-21 23:00:00,NSW1,,,,0.0
2026-06-21 23:00:00,QLD1,,,,0.0
2026-06-21 23:00:00,SA1,,,,0.0
2026-06-21 23:00:00,TAS1,,,,0.0
2026-06-21 23:00:00,VIC1,,,,0.0
2026-06-21 23:30:00,NSW1,,,,0.0
2026-06-21 23:30:00,QLD1,,,,0.0
2026-06-21 23:30:00,SA1,,,,0.0
2026-06-21 23:30:00,TAS1,,,,0.0
2026-06-21 23:30:00,VIC1,,,,0.0
2026-06-22 00:00:00,NSW1,,,,0.0
2026-06-22 00:00:00,QLD1,,,,0.0
2026-06-22 00:00:00,SA1,,,,0.0
2026-06-22 00:00:00,TAS1,,,,0.0
2026-06-22 00:00:00,VIC1,,,,0.0
2026-06-22 00:30:00,NSW1,,,,0.0
2026-06-22 00:30:00,QLD1,,,,0.0
2026-06-22 00:30:00,SA1,,,,0.0
2026-06-22 00:30:00,TAS1,,,,0.0
2026-06-22 00:30:00,VIC1,,,,0.0
2026-06-22 01:00:00,NSW1,,,,0.0
2026-06-22 01:00:00,QLD1,,,,0.0
2026-06-22 01:00:00,SA1,,,,0.0
2026-06-22 01:00:00,TAS1,,,,0.0
2026-06-22 01:00:00,VIC1,,,,0.0
2026-06-22 01:30:00,NSW1,,,,0.0
2026-06-22 01:30:00,QLD1,,,,0.0
2026-06-22 01:30:00,SA1,,,,0.0
2026-06-22 01:30:00,TAS1,,,,0.0
2026-06-22 01:30:00,VIC1,,,,0.0
2026-06-22 02:00:00,NSW1,,,,0.0
2026-06-22 02:00:00,QLD1,,,,0.0
2026-06-22 02:00:00,SA1,,,,0.0
2026-06-22 02:00:00,TAS1,,,,0.0
2026-06-22 02:00:00,VIC1,,,,0.0
2026-06-22 02:30:00,NSW1,,,,0.0
2026-06-22 02:30:00,QLD1,,,,0.0
2026-06-22 02:30:00,SA1,,,,0.0
2026-06-22 02:30:00,TAS1,,,,0.0
2026-06-22 02:30:00,VIC1,,,,0.0
2026-06-22 03:00:00,NSW1,,,,0.0
2026-06-22 03:00:00,QLD1,,,,0.0
2026-06-22 03:00:00,SA1,,,,0.0
2026-06-22 03:00:00,TAS1,,,,0.0
2026-06-22 03:00:00,VIC1,,,,0.0
2026-06-22 03:30:00,NSW1,,,,0.0
2026-06-22 03:30:00,QLD1,,,,0.0
2026-06-22 03:30:00,SA1,,,,0.0
2026-06-22 03:30:00,TAS1,,,,0.0
2026-06-22 03:30:00,VIC1,,,,0.0
2026-06-22 04:00:00,NSW1,,,,0.0
2026-06-22 04:00:00,QLD1,,,,0.0
2026-06-22 04:00:00,SA1,,,,0.0
2026-06-22 04:00:00,TAS1,,,,0.0
2026-06-22 04:00:00,VIC1,,,,0.0
2026-06-22 04:30:00,NSW1,,,,0.0
2026-06-22 04:30:00,QLD1,,,,0.0
2026-06-22 04:30:00,SA1,,,,0.0
2026-06-22 04:30:00,TAS1,,,,0.0
2026-06-22 04:30:00,VIC1,,,,0.0
2026-06-22 05:00:00,NSW1,,,,0.0
2026-06-22 05:00:00,QLD1,,,,0.0
2026-06-22 05:00:00,SA1,,,,0.0
2026-06-22 05:00:00,TAS1,,,,0.0
2026-06-22 05:00:00,VIC1,,,,0.0
2026-06-22 05:30:00,NSW1,,,,0.0
2026-06-22 05:30:00,QLD1,,,,0.0
2026-06-22 05:30:00,SA1,,,,0.0
2026-06-22 05:30:00,TAS1,,,,0.0
2026-06-22 05:30:00,VIC1,,,,0.0
2026-06-22 06:00:00,NSW1,,,,0.0
2026-06-22 06:00:00,QLD1,,,,0.0
2026-06-22 06:00:00,SA1,,,,0.0
2026-06-22 06:00:00,TAS1,,,,0.0
2026-06-22 06:00:00,VIC1,,,,0.0
2026-06-22 06:30:00,NSW1,,,,0.0
2026-06-22 06:30:00,QLD1,,,,0.0
2026-06-22 06:30:00,SA1,,,,0.0
2026-06-22 06:30:00,TAS1,,,,0.0
2026-06-22 06:30:00,VIC1,,,,0.0
2026-06-22 07:00:00,NSW1,,,,0.0
2026-06-22 07:00:00,QLD1,,,,37.563
2026-06-22 07:00:00,SA1,,,,0.0
2026-06-22 07:00:00,TAS1,,,,0.0
2026-06-22 07:00:00,VIC1,,,,0.0
2026-06-22 07:30:00,NSW1,,,,80.847
2026-06-22 07:30:00,QLD1,,,,263.573
2026-06-22 07:30:00,SA1,,,,0.0
2026-06-22 07:30:00,TAS1,,,,0.0
2026-06-22 07:30:00,VIC1,,,,0.0
2026-06-22 08:00:00,NSW1,,,,371.544
2026-06-22 08:00:00,QLD1,,,,756.879
2026-06-22 08:00:00,SA1,,,,2.904
2026-06-22 08:00:00,TAS1,,,,0.0
2026-06-22 08:00:00,VIC1,,,,23.012
2026-06-22 08:30:00,NSW1,,,,818.439
2026-06-22 08:30:00,QLD1,,,,1298.004
2026-06-22 08:30:00,SA1,,,,40.905
2026-06-22 08:30:00,TAS1,,,,9.877
2026-06-22 08:30:00,VIC1,,,,130.632
2026-06-22 09:00:00,NSW1,,,,1283.864
2026-06-22 09:00:00,QLD1,,,,1823.708
2026-06-22 09:00:00,SA1,,,,140.34
2026-06-22 09:00:00,TAS1,,,,28.912
2026-06-22 09:00:00,VIC1,,,,352.165
2026-06-22 09:30:00,NSW1,,,,1725.193
2026-06-22 09:30:00,QLD1,,,,2281.425
2026-06-22 09:30:00,SA1,,,,284.116
2026-06-22 09:30:00,TAS1,,,,51.153
2026-06-22 09:30:00,VIC1,,,,617.986
2026-06-22 10:00:00,NSW1,,,,2119.205
2026-06-22 10:00:00,QLD1,,,,2637.249
2026-06-22 10:00:00,SA1,,,,438.587
2026-06-22 10:00:00,TAS1,,,,73.305
2026-06-22 10:00:00,VIC1,,,,881.627
2026-06-22 10:30:00,NSW1,,,,2416.181
2026-06-22 10:30:00,QLD1,,,,2907.08
2026-06-22 10:30:00,SA1,,,,593.102
2026-06-22 10:30:00,TAS1,,,,90.292
2026-06-22 10:30:00,VIC1,,,,1133.289
2026-06-22 11:00:00,NSW1,,,,2627.09
2026-06-22 11:00:00,QLD1,,,,3110.337
2026-06-22 11:00:00,SA1,,,,730.341
2026-06-22 11:00:00,TAS1,,,,102.273
2026-06-22 11:00:00,VIC1,,,,1335.053
2026-06-22 11:30:00,NSW1,,,,2761.779
2026-06-22 11:30:00,QLD1,,,,3255.307
2026-06-22 11:30:00,SA1,,,,842.546
2026-06-22 11:30:00,TAS1,,,,109.445
2026-06-22 11:30:00,VIC1,,,,1486.708
2026-06-22 12:00:00,NSW1,,,,2835.671
2026-06-22 12:00:00,QLD1,,,,3346.378
2026-06-22 12:00:00,SA1,,,,927.0
2026-06-22 12:00:00,TAS1,,,,113.803
2026-06-22 12:00:00,VIC1,,,,1588.018
2026-06-22 12:30:00,NSW1,,,,2851.052
2026-06-22 12:30:00,QLD1,,,,3350.784
2026-06-22 12:30:00,SA1,,,,981.049
2026-06-22 12:30:00,TAS1,,,,115.778
2026-06-22 12:30:00,VIC1,,,,1635.694
2026-06-22 13:00:00,NSW1,,,,2795.524
2026-06-22 13:00:00,QLD1,,,,3318.173
2026-06-22 13:00:00,SA1,,,,999.383
2026-06-22 13:00:00,TAS1,,,,114.19
2026-06-22 13:00:00,VIC1,,,,1636.756
2026-06-22 13:30:00,NSW1,,,,2654.466
2026-06-22 13:30:00,QLD1,,,,3191.879
2026-06-22 13:30:00,SA1,,,,989.383
2026-06-22 13:30:00,TAS1,,,,109.35
2026-06-22 13:30:00,VIC1,,,,1585.022
2026-06-22 14:00:00,NSW1,,,,2442.951
2026-06-22 14:00:00,QLD1,,,,2971.858
2026-06-22 14:00:00,SA1,,,,970.791
2026-06-22 14:00:00,TAS1,,,,100.597
2026-06-22 14:00:00,VIC1,,,,1475.068
2026-06-22 14:30:00,NSW1,,,,2140.167
2026-06-22 14:30:00,QLD1,,,,2654.444
2026-06-22 14:30:00,SA1,,,,921.389
2026-06-22 14:30:00,TAS1,,,,85.314
2026-06-22 14:30:00,VIC1,,,,1303.058
2026-06-22 15:00:00,NSW1,,,,1754.201
2026-06-22 15:00:00,QLD1,,,,2225.028
2026-06-22 15:00:00,SA1,,,,829.397
2026-06-22 15:00:00,TAS1,,,,66.102
2026-06-22 15:00:00,VIC1,,,,1076.986
2026-06-22 15:30:00,NSW1,,,,1310.386
2026-06-22 15:30:00,QLD1,,,,1715.446
2026-06-22 15:30:00,SA1,,,,706.561
2026-06-22 15:30:00,TAS1,,,,44.222
2026-06-22 15:30:00,VIC1,,,,814.359
2026-06-22 16:00:00,NSW1,,,,846.589
2026-06-22 16:00:00,QLD1,,,,1163.667
2026-06-22 16:00:00,SA1,,,,551.274
2026-06-22 16:00:00,TAS1,,,,23.409
2026-06-22 16:00:00,VIC1,,,,523.951
2026-06-22 16:30:00,NSW1,,,,367.63
2026-06-22 16:30:00,QLD1,,,,589.893
2026-06-22 16:30:00,SA1,,,,378.309
2026-06-22 16:30:00,TAS1,,,,6.445
2026-06-22 16:30:00,VIC1,,,,239.094
2026-06-22 17:00:00,NSW1,,,,70.314
2026-06-22 17:00:00,QLD1,,,,164.825
2026-06-22 17:00:00,SA1,,,,209.159
2026-06-22 17:00:00,TAS1,,,,0.0
2026-06-22 17:00:00,VIC1,,,,51.835
2026-06-22 17:30:00,NSW1,,,,0.0
2026-06-22 17:30:00,QLD1,,,,0.0
2026-06-22 17:30:00,SA1,,,,74.368
2026-06-22 17:30:00,TAS1,,,,0.0
2026-06-22 17:30:00,VIC1,,,,0.0
2026-06-22 18:00:00,NSW1,,,,0.0
2026-06-22 18:00:00,QLD1,,,,0.0
2026-06-22 18:00:00,SA1,,,,8.788
2026-06-22 18:00:00,TAS1,,,,0.0
2026-06-22 18:00:00,VIC1,,,,0.0
2026-06-22 18:30:00,NSW1,,,,0.0
2026-06-22 18:30:00,QLD1,,,,0.0
2026-06-22 18:30:00,SA1,,,,0.0
2026-06-22 18:30:00,TAS1,,,,0.0
2026-06-22 18:30:00,VIC1,,,,0.0
2026-06-22 19:00:00,NSW1,,,,0.0
2026-06-22 19:00:00,QLD1,,,,0.0
2026-06-22 19:00:00,SA1,,,,0.0
2026-06-22 19:00:00,TAS1,,,,0.0
2026-06-22 19:00:00,VIC1,,,,0.0
2026-06-22 19:30:00,NSW1,,,,0.0
2026-06-22 19:30:00,QLD1,,,,0.0
2026-06-22 19:30:00,SA1,,,,0.0
2026-06-22 19:30:00,TAS1,,,,0.0
2026-06-22 19:30:00,VIC1,,,,0.0
2026-06-22 20:00:00,NSW1,,,,0.0
2026-06-22 20:00:00,QLD1,,,,0.0
2026-06-22 20:00:00,SA1,,,,0.0
2026-06-22 20:00:00,TAS1,,,,0.0
2026-06-22 20:00:00,VIC1,,,,0.0
2026-06-22 20:30:00,NSW1,,,,0.0
2026-06-22 20:30:00,QLD1,,,,0.0
2026-06-22 20:30:00,SA1,,,,0.0
2026-06-22 20:30:00,TAS1,,,,0.0
2026-06-22 20:30:00,VIC1,,,,0.0
2026-06-22 21:00:00,NSW1,,,,0.0
2026-06-22 21:00:00,QLD1,,,,0.0
2026-06-22 21:00:00,SA1,,,,0.0
2026-06-22 21:00:00,TAS1,,,,0.0
2026-06-22 21:00:00,VIC1,,,,0.0
2026-06-22 21:30:00,NSW1,,,,0.0
2026-06-22 21:30:00,QLD1,,,,0.0
2026-06-22 21:30:00,SA1,,,,0.0
2026-06-22 21:30:00,TAS1,,,,0.0
2026-06-22 21:30:00,VIC1,,,,0.0
2026-06-22 22:00:00,NSW1,,,,0.0
2026-06-22 22:00:00,QLD1,,,,0.0
2026-06-22 22:00:00,SA1,,,,0.0
2026-06-22 22:00:00,TAS1,,,,0.0
2026-06-22 22:00:00,VIC1,,,,0.0
2026-06-22 22:30:00,NSW1,,,,0.0
2026-06-22 22:30:00,QLD1,,,,0.0
2026-06-22 22:30:00,SA1,,,,0.0
2026-06-22 22:30:00,TAS1,,,,0.0
2026-06-22 22:30:00,VIC1,,,,0.0
2026-06-22 23:00:00,NSW1,,,,0.0
2026-06-22 23:00:00,QLD1,,,,0.0
2026-06-22 23:00:00,SA1,,,,0.0
2026-06-22 23:00:00,TAS1,,,,0.0
2026-06-22 23:00:00,VIC1,,,,0.0
2026-06-22 23:30:00,NSW1,,,,0.0
2026-06-22 23:30:00,QLD1,,,,0.0
2026-06-22 23:30:00,SA1,,,,0.0
2026-06-22 23:30:00,TAS1,,,,0.0
2026-06-22 23:30:00,VIC1,,,,0.0
2026-06-23 00:00:00,NSW1,,,,0.0
2026-06-23 00:00:00,QLD1,,,,0.0
2026-06-23 00:00:00,SA1,,,,0.0
2026-06-23 00:00:00,TAS1,,,,0.0
2026-06-23 00:00:00,VIC1,,,,0.0
2026-06-23 00:30:00,NSW1,,,,0.0
2026-06-23 00:30:00,QLD1,,,,0.0
2026-06-23 00:30:00,SA1,,,,0.0
2026-06-23 00:30:00,TAS1,,,,0.0
2026-06-23 00:30:00,VIC1,,,,0.0
2026-06-23 01:00:00,NSW1,,,,0.0
2026-06-23 01:00:00,QLD1,,,,0.0
2026-06-23 01:00:00,SA1,,,,0.0
2026-06-23 01:00:00,TAS1,,,,0.0
2026-06-23 01:00:00,VIC1,,,,0.0
2026-06-23 01:30:00,NSW1,,,,0.0
2026-06-23 01:30:00,QLD1,,,,0.0
2026-06-23 01:30:00,SA1,,,,0.0
2026-06-23 01:30:00,TAS1,,,,0.0
2026-06-23 01:30:00,VIC1,,,,0.0
2026-06-23 02:00:00,NSW1,,,,0.0
2026-06-23 02:00:00,QLD1,,,,0.0
2026-06-23 02:00:00,SA1,,,,0.0
2026-06-23 02:00:00,TAS1,,,,0.0
2026-06-23 02:00:00,VIC1,,,,0.0
2026-06-23 02:30:00,NSW1,,,,0.0
2026-06-23 02:30:00,QLD1,,,,0.0
2026-06-23 02:30:00,SA1,,,,0.0
2026-06-23 02:30:00,TAS1,,,,0.0
2026-06-23 02:30:00,VIC1,,,,0.0
2026-06-23 03:00:00,NSW1,,,,0.0
2026-06-23 03:00:00,QLD1,,,,0.0
2026-06-23 03:00:00,SA1,,,,0.0
2026-06-23 03:00:00,TAS1,,,,0.0
2026-06-23 03:00:00,VIC1,,,,0.0
2026-06-23 03:30:00,NSW1,,,,0.0
2026-06-23 03:30:00,QLD1,,,,0.0
2026-06-23 03:30:00,SA1,,,,0.0
2026-06-23 03:30:00,TAS1,,,,0.0
2026-06-23 03:30:00,VIC1,,,,0.0
2026-06-23 04:00:00,NSW1,,,,0.0
2026-06-23 04:00:00,QLD1,,,,0.0
2026-06-23 04:00:00,SA1,,,,0.0
2026-06-23 04:00:00,TAS1,,,,0.0
2026-06-23 04:00:00,VIC1,,,,0.0
2026-06-23 04:30:00,NSW1,,,,0.0
2026-06-23 04:30:00,QLD1,,,,0.0
2026-06-23 04:30:00,SA1,,,,0.0
2026-06-23 04:30:00,TAS1,,,,0.0
2026-06-23 04:30:00,VIC1,,,,0.0
2026-06-23 05:00:00,NSW1,,,,0.0
2026-06-23 05:00:00,QLD1,,,,0.0
2026-06-23 05:00:00,SA1,,,,0.0
2026-06-23 05:00:00,TAS1,,,,0.0
2026-06-23 05:00:00,VIC1,,,,0.0
2026-06-23 05:30:00,NSW1,,,,0.0
2026-06-23 05:30:00,QLD1,,,,0.0
2026-06-23 05:30:00,SA1,,,,0.0
2026-06-23 05:30:00,TAS1,,,,0.0
2026-06-23 05:30:00,VIC1,,,,0.0
2026-06-23 06:00:00,NSW1,,,,0.0
2026-06-23 06:00:00,QLD1,,,,0.0
2026-06-23 06:00:00,SA1,,,,0.0
2026-06-23 06:00:00,TAS1,,,,0.0
2026-06-23 06:00:00,VIC1,,,,0.0
2026-06-23 06:30:00,NSW1,,,,0.0
2026-06-23 06:30:00,QLD1,,,,0.0
2026-06-23 06:30:00,SA1,,,,0.0
2026-06-23 06:30:00,TAS1,,,,0.0
2026-06-23 06:30:00,VIC1,,,,0.0
2026-06-23 07:00:00,NSW1,,,,0.0
2026-06-23 07:00:00,QLD1,,,,34.879
2026-06-23 07:00:00,SA1,,,,0.0
2026-06-23 07:00:00,TAS1,,,,0.0
2026-06-23 07:00:00,VIC1,,,,0.0
2026-06-23 07:30:00,NSW1,,,,109.842
2026-06-23 07:30:00,QLD1,,,,315.384
2026-06-23 07:30:00,SA1,,,,0.0
2026-06-23 07:30:00,TAS1,,,,0.0
2026-06-23 07:30:00,VIC1,,,,0.0
2026-06-23 08:00:00,NSW1,,,,468.085
2026-06-23 08:00:00,QLD1,,,,877.68
2026-06-23 08:00:00,SA1,,,,0.0
2026-06-23 08:00:00,TAS1,,,,0.0
2026-06-23 08:00:00,VIC1,,,,20.536
2026-06-23 08:30:00,NSW1,,,,1009.903
2026-06-23 08:30:00,QLD1,,,,1504.855
2026-06-23 08:30:00,SA1,,,,27.123
2026-06-23 08:30:00,TAS1,,,,9.722
2026-06-23 08:30:00,VIC1,,,,100.118
2026-06-23 09:00:00,NSW1,,,,1584.316
2026-06-23 09:00:00,QLD1,,,,2121.346
2026-06-23 09:00:00,SA1,,,,106.539
2026-06-23 09:00:00,TAS1,,,,27.673
2026-06-23 09:00:00,VIC1,,,,284.489
2026-06-23 09:30:00,NSW1,,,,2139.342
2026-06-23 09:30:00,QLD1,,,,2653.435
2026-06-23 09:30:00,SA1,,,,225.23
2026-06-23 09:30:00,TAS1,,,,48.215
2026-06-23 09:30:00,VIC1,,,,514.915
2026-06-23 10:00:00,NSW1,,,,2628.092
2026-06-23 10:00:00,QLD1,,,,3055.871
2026-06-23 10:00:00,SA1,,,,349.149
2026-06-23 10:00:00,TAS1,,,,68.909
2026-06-23 10:00:00,VIC1,,,,734.241
2026-06-23 10:30:00,NSW1,,,,2995.835
2026-06-23 10:30:00,QLD1,,,,3331.689
2026-06-23 10:30:00,SA1,,,,470.665
2026-06-23 10:30:00,TAS1,,,,85.907
2026-06-23 10:30:00,VIC1,,,,905.895
2026-06-23 11:00:00,NSW1,,,,3258.903
2026-06-23 11:00:00,QLD1,,,,3526.07
2026-06-23 11:00:00,SA1,,,,576.616
2026-06-23 11:00:00,TAS1,,,,98.318
2026-06-23 11:00:00,VIC1,,,,1027.988
2026-06-23 11:30:00,NSW1,,,,3432.599
2026-06-23 11:30:00,QLD1,,,,3646.449
2026-06-23 11:30:00,SA1,,,,666.447
2026-06-23 11:30:00,TAS1,,,,105.96
2026-06-23 11:30:00,VIC1,,,,1110.447
2026-06-23 12:00:00,NSW1,,,,3526.814
2026-06-23 12:00:00,QLD1,,,,3716.976
2026-06-23 12:00:00,SA1,,,,737.76
2026-06-23 12:00:00,TAS1,,,,110.495
2026-06-23 12:00:00,VIC1,,,,1159.624
2026-06-23 12:30:00,NSW1,,,,3544.088
2026-06-23 12:30:00,QLD1,,,,3681.101
2026-06-23 12:30:00,SA1,,,,785.107
2026-06-23 12:30:00,TAS1,,,,113.019
2026-06-23 12:30:00,VIC1,,,,1169.021
2026-06-23 13:00:00,NSW1,,,,3480.486
2026-06-23 13:00:00,QLD1,,,,3629.532
2026-06-23 13:00:00,SA1,,,,801.28
2026-06-23 13:00:00,TAS1,,,,112.655
2026-06-23 13:00:00,VIC1,,,,1146.75
2026-06-23 13:30:00,NSW1,,,,3292.485
2026-06-23 13:30:00,QLD1,,,,3475.25
2026-06-23 13:30:00,SA1,,,,787.85
2026-06-23 13:30:00,TAS1,,,,109.644
2026-06-23 13:30:00,VIC1,,,,1112.783
2026-06-23 14:00:00,NSW1,,,,3022.092
2026-06-23 14:00:00,QLD1,,,,3222.258
2026-06-23 14:00:00,SA1,,,,771.066
2026-06-23 14:00:00,TAS1,,,,103.129
2026-06-23 14:00:00,VIC1,,,,1038.996
2026-06-23 14:30:00,NSW1,,,,2645.283
2026-06-23 14:30:00,QLD1,,,,2872.788
2026-06-23 14:30:00,SA1,,,,730.512
2026-06-23 14:30:00,TAS1,,,,89.943
2026-06-23 14:30:00,VIC1,,,,920.746
2026-06-23 15:00:00,NSW1,,,,2157.513
2026-06-23 15:00:00,QLD1,,,,2400.497
2026-06-23 15:00:00,SA1,,,,654.877
2026-06-23 15:00:00,TAS1,,,,72.09
2026-06-23 15:00:00,VIC1,,,,756.57
2026-06-23 15:30:00,NSW1,,,,1602.064
2026-06-23 15:30:00,QLD1,,,,1842.022
2026-06-23 15:30:00,SA1,,,,554.328
2026-06-23 15:30:00,TAS1,,,,50.558
2026-06-23 15:30:00,VIC1,,,,557.119
2026-06-23 16:00:00,NSW1,,,,1027.946
2026-06-23 16:00:00,QLD1,,,,1246.273
2026-06-23 16:00:00,SA1,,,,424.178
2026-06-23 16:00:00,TAS1,,,,28.113
2026-06-23 16:00:00,VIC1,,,,341.514
2026-06-23 16:30:00,NSW1,,,,445.203
2026-06-23 16:30:00,QLD1,,,,645.625
2026-06-23 16:30:00,SA1,,,,288.433
2026-06-23 16:30:00,TAS1,,,,8.172
2026-06-23 16:30:00,VIC1,,,,145.261
2026-06-23 17:00:00,NSW1,,,,70.732
2026-06-23 17:00:00,QLD1,,,,200.095
2026-06-23 17:00:00,SA1,,,,155.776
2026-06-23 17:00:00,TAS1,,,,0.0
2026-06-23 17:00:00,VIC1,,,,31.073
2026-06-23 17:30:00,NSW1,,,,0.0
2026-06-23 17:30:00,QLD1,,,,0.0
2026-06-23 17:30:00,SA1,,,,56.064
2026-06-23 17:30:00,TAS1,,,,0.0
2026-06-23 17:30:00,VIC1,,,,0.0
2026-06-23 18:00:00,NSW1,,,,0.0
2026-06-23 18:00:00,QLD1,,,,0.0
2026-06-23 18:00:00,SA1,,,,7.243
2026-06-23 18:00:00,TAS1,,,,0.0
2026-06-23 18:00:00,VIC1,,,,0.0
2026-06-23 18:30:00,NSW1,,,,0.0
2026-06-23 18:30:00,QLD1,,,,0.0
2026-06-23 18:30:00,SA1,,,,0.0
2026-06-23 18:30:00,TAS1,,,,0.0
2026-06-23 18:30:00,VIC1,,,,0.0
2026-06-23 19:00:00,NSW1,,,,0.0
2026-06-23 19:00:00,QLD1,,,,0.0
2026-06-23 19:00:00,SA1,,,,0.0
2026-06-23 19:00:00,TAS1,,,,0.0
2026-06-23 19:00:00,VIC1,,,,0.0
2026-06-23 19:30:00,NSW1,,,,0.0
2026-06-23 19:30:00,QLD1,,,,0.0
2026-06-23 19:30:00,SA1,,,,0.0
2026-06-23 19:30:00,TAS1,,,,0.0
2026-06-23 19:30:00,VIC1,,,,0.0
2026-06-23 20:00:00,NSW1,,,,0.0
2026-06-23 20:00:00,QLD1,,,,0.0
2026-06-23 20:00:00,SA1,,,,0.0
2026-06-23 20:00:00,TAS1,,,,0.0
2026-06-23 20:00:00,VIC1,,,,0.0
2026-06-23 20:30:00,NSW1,,,,0.0
2026-06-23 20:30:00,QLD1,,,,0.0
2026-06-23 20:30:00,SA1,,,,0.0
2026-06-23 20:30:00,TAS1,,,,0.0
2026-06-23 20:30:00,VIC1,,,,0.0
2026-06-23 21:00:00,NSW1,,,,0.0
2026-06-23 21:00:00,QLD1,,,,0.0
2026-06-23 21:00:00,SA1,,,,0.0
2026-06-23 21:00:00,TAS1,,,,0.0
2026-06-23 21:00:00,VIC1,,,,0.0
2026-06-23 21:30:00,NSW1,,,,0.0
2026-06-23 21:30:00,QLD1,,,,0.0
2026-06-23 21:30:00,SA1,,,,0.0
2026-06-23 21:30:00,TAS1,,,,0.0
2026-06-23 21:30:00,VIC1,,,,0.0
2026-06-23 22:00:00,NSW1,,,,0.0
2026-06-23 22:00:00,QLD1,,,,0.0
2026-06-23 22:00:00,SA1,,,,0.0
2026-06-23 22:00:00,TAS1,,,,0.0
2026-06-23 22:00:00,VIC1,,,,0.0
2026-06-23 22:30:00,NSW1,,,,0.0
2026-06-23 22:30:00,QLD1,,,,0.0
2026-06-23 22:30:00,SA1,,,,0.0
2026-06-23 22:30:00,TAS1,,,,0.0
2026-06-23 22:30:00,VIC1,,,,0.0
2026-06-23 23:00:00,NSW1,,,,0.0
2026-06-23 23:00:00,QLD1,,,,0.0
2026-06-23 23:00:00,SA1,,,,0.0
2026-06-23 23:00:00,TAS1,,,,0.0
2026-06-23 23:00:00,VIC1,,,,0.0
2026-06-23 23:30:00,NSW1,,,,0.0
2026-06-23 23:30:00,QLD1,,,,0.0
2026-06-23 23:30:00,SA1,,,,0.0
2026-06-23 23:30:00,TAS1,,,,0.0
2026-06-23 23:30:00,VIC1,,,,0.0
2026-06-24 00:00:00,NSW1,,,,0.0
2026-06-24 00:00:00,QLD1,,,,0.0
2026-06-24 00:00:00,SA1,,,,0.0
2026-06-24 00:00:00,TAS1,,,,0.0
2026-06-24 00:00:00,VIC1,,,,0.0
2026-06-24 00:30:00,NSW1,,,,0.0
2026-06-24 00:30:00,QLD1,,,,0.0
2026-06-24 00:30:00,SA1,,,,0.0
2026-06-24 00:30:00,TAS1,,,,0.0
2026-06-24 00:30:00,VIC1,,,,0.0
2026-06-24 01:00:00,NSW1,,,,0.0
2026-06-24 01:00:00,QLD1,,,,0.0
2026-06-24 01:00:00,SA1,,,,0.0
2026-06-24 01:00:00,TAS1,,,,0.0
2026-06-24 01:00:00,VIC1,,,,0.0
2026-06-24 01:30:00,NSW1,,,,0.0
2026-06-24 01:30:00,QLD1,,,,0.0
2026-06-24 01:30:00,SA1,,,,0.0
2026-06-24 01:30:00,TAS1,,,,0.0
2026-06-24 01:30:00,VIC1,,,,0.0
2026-06-24 02:00:00,NSW1,,,,0.0
2026-06-24 02:00:00,QLD1,,,,0.0
2026-06-24 02:00:00,SA1,,,,0.0
2026-06-24 02:00:00,TAS1,,,,0.0
2026-06-24 02:00:00,VIC1,,,,0.0
2026-06-24 02:30:00,NSW1,,,,0.0
2026-06-24 02:30:00,QLD1,,,,0.0
2026-06-24 02:30:00,SA1,,,,0.0
2026-06-24 02:30:00,TAS1,,,,0.0
2026-06-24 02:30:00,VIC1,,,,0.0
2026-06-24 03:00:00,NSW1,,,,0.0
2026-06-24 03:00:00,QLD1,,,,0.0
2026-06-24 03:00:00,SA1,,,,0.0
2026-06-24 03:00:00,TAS1,,,,0.0
2026-06-24 03:00:00,VIC1,,,,0.0
2026-06-24 03:30:00,NSW1,,,,0.0
2026-06-24 03:30:00,QLD1,,,,0.0
2026-06-24 03:30:00,SA1,,,,0.0
2026-06-24 03:30:00,TAS1,,,,0.0
2026-06-24 03:30:00,VIC1,,,,0.0
2026-06-24 04:00:00,NSW1,,,,0.0
2026-06-24 04:00:00,QLD1,,,,0.0
2026-06-24 04:00:00,SA1,,,,0.0
2026-06-24 04:00:00,TAS1,,,,0.0
2026-06-24 04:00:00,VIC1,,,,0.0
2026-06-24 04:30:00,NSW1,,,,0.0
2026-06-24 04:30:00,QLD1,,,,0.0
2026-06-24 04:30:00,SA1,,,,0.0
2026-06-24 04:30:00,TAS1,,,,0.0
2026-06-24 04:30:00,VIC1,,,,0.0
2026-06-24 05:00:00,NSW1,,,,0.0
2026-06-24 05:00:00,QLD1,,,,0.0
2026-06-24 05:00:00,SA1,,,,0.0
2026-06-24 05:00:00,TAS1,,,,0.0
2026-06-24 05:00:00,VIC1,,,,0.0
2026-06-24 05:30:00,NSW1,,,,0.0
2026-06-24 05:30:00,QLD1,,,,0.0
2026-06-24 05:30:00,SA1,,,,0.0
2026-06-24 05:30:00,TAS1,,,,0.0
2026-06-24 05:30:00,VIC1,,,,0.0
2026-06-24 06:00:00,NSW1,,,,0.0
2026-06-24 06:00:00,QLD1,,,,0.0
2026-06-24 06:00:00,SA1,,,,0.0
2026-06-24 06:00:00,TAS1,,,,0.0
2026-06-24 06:00:00,VIC1,,,,0.0
2026-06-24 06:30:00,NSW1,,,,0.0
2026-06-24 06:30:00,QLD1,,,,0.0
2026-06-24 06:30:00,SA1,,,,0.0
2026-06-24 06:30:00,TAS1,,,,0.0
2026-06-24 06:30:00,VIC1,,,,0.0
2026-06-24 07:00:00,NSW1,,,,0.0
2026-06-24 07:00:00,QLD1,,,,30.927
2026-06-24 07:00:00,SA1,,,,0.0
2026-06-24 07:00:00,TAS1,,,,0.0
2026-06-24 07:00:00,VIC1,,,,0.0
2026-06-24 07:30:00,NSW1,,,,67.38
2026-06-24 07:30:00,QLD1,,,,325.747
2026-06-24 07:30:00,SA1,,,,0.0
2026-06-24 07:30:00,TAS1,,,,0.0
2026-06-24 07:30:00,VIC1,,,,0.0
2026-06-24 08:00:00,NSW1,,,,400.633
2026-06-24 08:00:00,QLD1,,,,877.036
2026-06-24 08:00:00,SA1,,,,7.036
2026-06-24 08:00:00,TAS1,,,,0.0
2026-06-24 08:00:00,VIC1,,,,17.247
2026-06-24 08:30:00,NSW1,,,,897.431
2026-06-24 08:30:00,QLD1,,,,1488.436
2026-06-24 08:30:00,SA1,,,,41.874
2026-06-24 08:30:00,TAS1,,,,9.552
2026-06-24 08:30:00,VIC1,,,,110.57
2026-06-24 09:00:00,NSW1,,,,1423.777
2026-06-24 09:00:00,QLD1,,,,2104.074
2026-06-24 09:00:00,SA1,,,,122.696
2026-06-24 09:00:00,TAS1,,,,26.003
2026-06-24 09:00:00,VIC1,,,,308.161
2026-06-24 09:30:00,NSW1,,,,1931.703
2026-06-24 09:30:00,QLD1,,,,2645.66
2026-06-24 09:30:00,SA1,,,,243.701
2026-06-24 09:30:00,TAS1,,,,44.888
2026-06-24 09:30:00,VIC1,,,,554.19
2026-06-24 10:00:00,NSW1,,,,2382.155
2026-06-24 10:00:00,QLD1,,,,3056.914
2026-06-24 10:00:00,SA1,,,,371.969
2026-06-24 10:00:00,TAS1,,,,62.473
2026-06-24 10:00:00,VIC1,,,,792.566
2026-06-24 10:30:00,NSW1,,,,2736.369
2026-06-24 10:30:00,QLD1,,,,3352.596
2026-06-24 10:30:00,SA1,,,,500.606
2026-06-24 10:30:00,TAS1,,,,76.677
2026-06-24 10:30:00,VIC1,,,,991.545
2026-06-24 11:00:00,NSW1,,,,2993.444
2026-06-24 11:00:00,QLD1,,,,3567.382
2026-06-24 11:00:00,SA1,,,,618.385
2026-06-24 11:00:00,TAS1,,,,87.478
2026-06-24 11:00:00,VIC1,,,,1137.602
2026-06-24 11:30:00,NSW1,,,,3158.198
2026-06-24 11:30:00,QLD1,,,,3703.347
2026-06-24 11:30:00,SA1,,,,717.289
2026-06-24 11:30:00,TAS1,,,,93.706
2026-06-24 11:30:00,VIC1,,,,1240.144
2026-06-24 12:00:00,NSW1,,,,3245.244
2026-06-24 12:00:00,QLD1,,,,3783.534
2026-06-24 12:00:00,SA1,,,,793.751
2026-06-24 12:00:00,TAS1,,,,97.486
2026-06-24 12:00:00,VIC1,,,,1306.119
2026-06-24 12:30:00,NSW1,,,,3260.873
2026-06-24 12:30:00,QLD1,,,,3762.085
2026-06-24 12:30:00,SA1,,,,847.187
2026-06-24 12:30:00,TAS1,,,,98.944
2026-06-24 12:30:00,VIC1,,,,1327.47
2026-06-24 13:00:00,NSW1,,,,3190.826
2026-06-24 13:00:00,QLD1,,,,3707.595
2026-06-24 13:00:00,SA1,,,,871.342
2026-06-24 13:00:00,TAS1,,,,97.699
2026-06-24 13:00:00,VIC1,,,,1315.175
2026-06-24 13:30:00,NSW1,,,,3003.511
2026-06-24 13:30:00,QLD1,,,,3538.606
2026-06-24 13:30:00,SA1,,,,868.053
2026-06-24 13:30:00,TAS1,,,,94.481
2026-06-24 13:30:00,VIC1,,,,1270.8
2026-06-24 14:00:00,NSW1,,,,2738.136
2026-06-24 14:00:00,QLD1,,,,3268.615
2026-06-24 14:00:00,SA1,,,,861.077
2026-06-24 14:00:00,TAS1,,,,88.161
2026-06-24 14:00:00,VIC1,,,,1181.48
2026-06-24 14:30:00,NSW1,,,,2382.376
2026-06-24 14:30:00,QLD1,,,,2905.21
2026-06-24 14:30:00,SA1,,,,829.35
2026-06-24 14:30:00,TAS1,,,,75.111
2026-06-24 14:30:00,VIC1,,,,1045.313
2026-06-24 15:00:00,NSW1,,,,1936.573
2026-06-24 15:00:00,QLD1,,,,2415.87
2026-06-24 15:00:00,SA1,,,,756.279
2026-06-24 15:00:00,TAS1,,,,58.665
2026-06-24 15:00:00,VIC1,,,,864.41
2026-06-24 15:30:00,NSW1,,,,1428.263
2026-06-24 15:30:00,QLD1,,,,1842.538
2026-06-24 15:30:00,SA1,,,,650.796
2026-06-24 15:30:00,TAS1,,,,39.834
2026-06-24 15:30:00,VIC1,,,,645.805
2026-06-24 16:00:00,NSW1,,,,904.574
2026-06-24 16:00:00,QLD1,,,,1242.014
2026-06-24 16:00:00,SA1,,,,513.027
2026-06-24 16:00:00,TAS1,,,,21.43
2026-06-24 16:00:00,VIC1,,,,408.732
2026-06-24 16:30:00,NSW1,,,,386.701
2026-06-24 16:30:00,QLD1,,,,661.134
2026-06-24 16:30:00,SA1,,,,356.629
2026-06-24 16:30:00,TAS1,,,,6.673
2026-06-24 16:30:00,VIC1,,,,190.638
2026-06-24 17:00:00,NSW1,,,,49.536
2026-06-24 17:00:00,QLD1,,,,222.564
2026-06-24 17:00:00,SA1,,,,195.823
2026-06-24 17:00:00,TAS1,,,,0.0
2026-06-24 17:00:00,VIC1,,,,51.658
2026-06-24 17:30:00,NSW1,,,,0.0
2026-06-24 17:30:00,QLD1,,,,0.0
2026-06-24 17:30:00,SA1,,,,70.314
2026-06-24 17:30:00,TAS1,,,,0.0
2026-06-24 17:30:00,VIC1,,,,0.0
2026-06-24 18:00:00,NSW1,,,,0.0
2026-06-24 18:00:00,QLD1,,,,0.0
2026-06-24 18:00:00,SA1,,,,8.101
2026-06-24 18:00:00,TAS1,,,,0.0
2026-06-24 18:00:00,VIC1,,,,0.0
2026-06-24 18:30:00,NSW1,,,,0.0
2026-06-24 18:30:00,QLD1,,,,0.0
2026-06-24 18:30:00,SA1,,,,0.0
2026-06-24 18:30:00,TAS1,,,,0.0
2026-06-24 18:30:00,VIC1,,,,0.0
2026-06-24 19:00:00,NSW1,,,,0.0
2026-06-24 19:00:00,QLD1,,,,0.0
2026-06-24 19:00:00,SA1,,,,0.0
2026-06-24 19:00:00,TAS1,,,,0.0
2026-06-24 19:00:00,VIC1,,,,0.0
2026-06-24 19:30:00,NSW1,,,,0.0
2026-06-24 19:30:00,QLD1,,,,0.0
2026-06-24 19:30:00,SA1,,,,0.0
2026-06-24 19:30:00,TAS1,,,,0.0
2026-06-24 19:30:00,VIC1,,,,0.0
2026-06-24 20:00:00,NSW1,,,,0.0
2026-06-24 20:00:00,QLD1,,,,0.0
2026-06-24 20:00:00,SA1,,,,0.0
2026-06-24 20:00:00,TAS1,,,,0.0
2026-06-24 20:00:00,VIC1,,,,0.0
2026-06-24 20:30:00,NSW1,,,,0.0
2026-06-24 20:30:00,QLD1,,,,0.0
2026-06-24 20:30:00,SA1,,,,0.0
2026-06-24 20:30:00,TAS1,,,,0.0
2026-06-24 20:30:00,VIC1,,,,0.0
2026-06-24 21:00:00,NSW1,,,,0.0
2026-06-24 21:00:00,QLD1,,,,0.0
2026-06-24 21:00:00,SA1,,,,0.0
2026-06-24 21:00:00,TAS1,,,,0.0
2026-06-24 21:00:00,VIC1,,,,0.0
2026-06-24 21:30:00,NSW1,,,,0.0
2026-06-24 21:30:00,QLD1,,,,0.0
2026-06-24 21:30:00,SA1,,,,0.0
2026-06-24 21:30:00,TAS1,,,,0.0
2026-06-24 21:30:00,VIC1,,,,0.0
2026-06-24 22:00:00,NSW1,,,,0.0
2026-06-24 22:00:00,QLD1,,,,0.0
2026-06-24 22:00:00,SA1,,,,0.0
2026-06-24 22:00:00,TAS1,,,,0.0
2026-06-24 22:00:00,VIC1,,,,0.0
2026-06-24 22:30:00,NSW1,,,,0.0
2026-06-24 22:30:00,QLD1,,,,0.0
2026-06-24 22:30:00,SA1,,,,0.0
2026-06-24 22:30:00,TAS1,,,,0.0
2026-06-24 22:30:00,VIC1,,,,0.0
2026-06-24 23:00:00,NSW1,,,,0.0
2026-06-24 23:00:00,QLD1,,,,0.0
2026-06-24 23:00:00,SA1,,,,0.0
2026-06-24 23:00:00,TAS1,,,,0.0
2026-06-24 23:00:00,VIC1,,,,0.0
2026-06-24 23:30:00,NSW1,,,,0.0
2026-06-24 23:30:00,QLD1,,,,0.0
2026-06-24 23:30:00,SA1,,,,0.0
2026-06-24 23:30:00,TAS1,,,,0.0
2026-06-24 23:30:00,VIC1,,,,0.0
2026-06-25 00:00:00,NSW1,,,,0.0
2026-06-25 00:00:00,QLD1,,,,0.0
2026-06-25 00:00:00,SA1,,,,0.0
2026-06-25 00:00:00,TAS1,,,,0.0
2026-06-25 00:00:00,VIC1,,,,0.0
2026-06-25 00:30:00,NSW1,,,,0.0
2026-06-25 00:30:00,QLD1,,,,0.0
2026-06-25 00:30:00,SA1,,,,0.0
2026-06-25 00:30:00,TAS1,,,,0.0
2026-06-25 00:30:00,VIC1,,,,0.0
2026-06-25 01:00:00,NSW1,,,,0.0
2026-06-25 01:00:00,QLD1,,,,0.0
2026-06-25 01:00:00,SA1,,,,0.0
2026-06-25 01:00:00,TAS1,,,,0.0
2026-06-25 01:00:00,VIC1,,,,0.0
2026-06-25 01:30:00,NSW1,,,,0.0
2026-06-25 01:30:00,QLD1,,,,0.0
2026-06-25 01:30:00,SA1,,,,0.0
2026-06-25 01:30:00,TAS1,,,,0.0
2026-06-25 01:30:00,VIC1,,,,0.0
2026-06-25 02:00:00,NSW1,,,,0.0
2026-06-25 02:00:00,QLD1,,,,0.0
2026-06-25 02:00:00,SA1,,,,0.0
2026-06-25 02:00:00,TAS1,,,,0.0
2026-06-25 02:00:00,VIC1,,,,0.0
2026-06-25 02:30:00,NSW1,,,,0.0
2026-06-25 02:30:00,QLD1,,,,0.0
2026-06-25 02:30:00,SA1,,,,0.0
2026-06-25 02:30:00,TAS1,,,,0.0
2026-06-25 02:30:00,VIC1,,,,0.0
2026-06-25 03:00:00,NSW1,,,,0.0
2026-06-25 03:00:00,QLD1,,,,0.0
2026-06-25 03:00:00,SA1,,,,0.0
2026-06-25 03:00:00,TAS1,,,,0.0
2026-06-25 03:00:00,VIC1,,,,0.0
2026-06-25 03:30:00,NSW1,,,,0.0
2026-06-25 03:30:00,QLD1,,,,0.0
2026-06-25 03:30:00,SA1,,,,0.0
2026-06-25 03:30:00,TAS1,,,,0.0
2026-06-25 03:30:00,VIC1,,,,0.0
2026-06-25 04:00:00,NSW1,,,,0.0
2026-06-25 04:00:00,QLD1,,,,0.0
2026-06-25 04:00:00,SA1,,,,0.0
2026-06-25 04:00:00,TAS1,,,,0.0
2026-06-25 04:00:00,VIC1,,,,0.0
2026-06-25 04:30:00,NSW1,,,,0.0
2026-06-25 04:30:00,QLD1,,,,0.0
2026-06-25 04:30:00,SA1,,,,0.0
2026-06-25 04:30:00,TAS1,,,,0.0
2026-06-25 04:30:00,VIC1,,,,0.0
2026-06-25 05:00:00,NSW1,,,,0.0
2026-06-25 05:00:00,QLD1,,,,0.0
2026-06-25 05:00:00,SA1,,,,0.0
2026-06-25 05:00:00,TAS1,,,,0.0
2026-06-25 05:00:00,VIC1,,,,0.0
2026-06-25 05:30:00,NSW1,,,,0.0
2026-06-25 05:30:00,QLD1,,,,0.0
2026-06-25 05:30:00,SA1,,,,0.0
2026-06-25 05:30:00,TAS1,,,,0.0
2026-06-25 05:30:00,VIC1,,,,0.0
2026-06-25 06:00:00,NSW1,,,,0.0
2026-06-25 06:00:00,QLD1,,,,0.0
2026-06-25 06:00:00,SA1,,,,0.0
2026-06-25 06:00:00,TAS1,,,,0.0
2026-06-25 06:00:00,VIC1,,,,0.0
2026-06-25 06:30:00,NSW1,,,,0.0
2026-06-25 06:30:00,QLD1,,,,0.0
2026-06-25 06:30:00,SA1,,,,0.0
2026-06-25 06:30:00,TAS1,,,,0.0
2026-06-25 06:30:00,VIC1,,,,0.0
2026-06-25 07:00:00,NSW1,,,,0.0
2026-06-25 07:00:00,QLD1,,,,0.0
2026-06-25 07:00:00,SA1,,,,0.0
2026-06-25 07:00:00,TAS1,,,,0.0
2026-06-25 07:00:00,VIC1,,,,0.0
2026-06-25 07:30:00,NSW1,,,,29.996
2026-06-25 07:30:00,QLD1,,,,243.421
2026-06-25 07:30:00,SA1,,,,0.0
2026-06-25 07:30:00,TAS1,,,,0.0
2026-06-25 07:30:00,VIC1,,,,0.0
2026-06-25 08:00:00,NSW1,,,,288.55
2026-06-25 08:00:00,QLD1,,,,698.944
2026-06-25 08:00:00,SA1,,,,6.782
2026-06-25 08:00:00,TAS1,,,,0.0
2026-06-25 08:00:00,VIC1,,,,32.483
2026-06-25 08:30:00,NSW1,,,,686.341
2026-06-25 08:30:00,QLD1,,,,1221.724
2026-06-25 08:30:00,SA1,,,,34.601
2026-06-25 08:30:00,TAS1,,,,9.46
2026-06-25 08:30:00,VIC1,,,,188.107
2026-06-25 09:00:00,NSW1,,,,1108.324
2026-06-25 09:00:00,QLD1,,,,1735.794
2026-06-25 09:00:00,SA1,,,,114.814
2026-06-25 09:00:00,TAS1,,,,25.777
2026-06-25 09:00:00,VIC1,,,,468.94
2026-06-25 09:30:00,NSW1,,,,1504.184
2026-06-25 09:30:00,QLD1,,,,2191.188
2026-06-25 09:30:00,SA1,,,,240.044
2026-06-25 09:30:00,TAS1,,,,44.826
2026-06-25 09:30:00,VIC1,,,,787.96
2026-06-25 10:00:00,NSW1,,,,1853.939
2026-06-25 10:00:00,QLD1,,,,2549.469
2026-06-25 10:00:00,SA1,,,,370.126
2026-06-25 10:00:00,TAS1,,,,63.255
2026-06-25 10:00:00,VIC1,,,,1104.009
2026-06-25 10:30:00,NSW1,,,,2127.018
2026-06-25 10:30:00,QLD1,,,,2804.836
2026-06-25 10:30:00,SA1,,,,497.364
2026-06-25 10:30:00,TAS1,,,,79.419
2026-06-25 10:30:00,VIC1,,,,1386.847
2026-06-25 11:00:00,NSW1,,,,2320.822
2026-06-25 11:00:00,QLD1,,,,2982.82
2026-06-25 11:00:00,SA1,,,,606.754
2026-06-25 11:00:00,TAS1,,,,92.083
2026-06-25 11:00:00,VIC1,,,,1604.943
2026-06-25 11:30:00,NSW1,,,,2434.716
2026-06-25 11:30:00,QLD1,,,,3088.536
2026-06-25 11:30:00,SA1,,,,694.249
2026-06-25 11:30:00,TAS1,,,,99.548
2026-06-25 11:30:00,VIC1,,,,1762.775
2026-06-25 12:00:00,NSW1,,,,2486.168
2026-06-25 12:00:00,QLD1,,,,3139.912
2026-06-25 12:00:00,SA1,,,,760.808
2026-06-25 12:00:00,TAS1,,,,104.303
2026-06-25 12:00:00,VIC1,,,,1872.462
2026-06-25 12:30:00,NSW1,,,,2482.07
2026-06-25 12:30:00,QLD1,,,,3102.576
2026-06-25 12:30:00,SA1,,,,804.914
2026-06-25 12:30:00,TAS1,,,,106.863
2026-06-25 12:30:00,VIC1,,,,1923.163
2026-06-25 13:00:00,NSW1,,,,2402.836
2026-06-25 13:00:00,QLD1,,,,3030.141
2026-06-25 13:00:00,SA1,,,,817.857
2026-06-25 13:00:00,TAS1,,,,106.201
2026-06-25 13:00:00,VIC1,,,,1925.655
2026-06-25 13:30:00,NSW1,,,,2246.427
2026-06-25 13:30:00,QLD1,,,,2876.941
2026-06-25 13:30:00,SA1,,,,807.72
2026-06-25 13:30:00,TAS1,,,,102.404
2026-06-25 13:30:00,VIC1,,,,1864.499
2026-06-25 14:00:00,NSW1,,,,2034.57
2026-06-25 14:00:00,QLD1,,,,2636.169
2026-06-25 14:00:00,SA1,,,,788.377
2026-06-25 14:00:00,TAS1,,,,95.12
2026-06-25 14:00:00,VIC1,,,,1741.694
2026-06-25 14:30:00,NSW1,,,,1752.895
2026-06-25 14:30:00,QLD1,,,,2312.174
2026-06-25 14:30:00,SA1,,,,750.548
2026-06-25 14:30:00,TAS1,,,,80.861
2026-06-25 14:30:00,VIC1,,,,1548.275
2026-06-25 15:00:00,NSW1,,,,1408.659
2026-06-25 15:00:00,QLD1,,,,1902.641
2026-06-25 15:00:00,SA1,,,,677.364
2026-06-25 15:00:00,TAS1,,,,63.186
2026-06-25 15:00:00,VIC1,,,,1286.848
2026-06-25 15:30:00,NSW1,,,,1025.995
2026-06-25 15:30:00,QLD1,,,,1440.112
2026-06-25 15:30:00,SA1,,,,577.69
2026-06-25 15:30:00,TAS1,,,,43.559
2026-06-25 15:30:00,VIC1,,,,978.879
2026-06-25 16:00:00,NSW1,,,,629.303
2026-06-25 16:00:00,QLD1,,,,957.709
2026-06-25 16:00:00,SA1,,,,447.611
2026-06-25 16:00:00,TAS1,,,,24.058
2026-06-25 16:00:00,VIC1,,,,643.658
2026-06-25 16:30:00,NSW1,,,,241.79
2026-06-25 16:30:00,QLD1,,,,484.176
2026-06-25 16:30:00,SA1,,,,307.029
2026-06-25 16:30:00,TAS1,,,,7.898
2026-06-25 16:30:00,VIC1,,,,319.592
2026-06-25 17:00:00,NSW1,,,,3.434
2026-06-25 17:00:00,QLD1,,,,132.457
2026-06-25 17:00:00,SA1,,,,163.832
2026-06-25 17:00:00,TAS1,,,,0.0
2026-06-25 17:00:00,VIC1,,,,89.027
2026-06-25 17:30:00,NSW1,,,,0.0
2026-06-25 17:30:00,QLD1,,,,0.0
2026-06-25 17:30:00,SA1,,,,58.001
2026-06-25 17:30:00,TAS1,,,,0.0
2026-06-25 17:30:00,VIC1,,,,0.0
2026-06-25 18:00:00,NSW1,,,,0.0
2026-06-25 18:00:00,QLD1,,,,0.0
2026-06-25 18:00:00,SA1,,,,0.935
2026-06-25 18:00:00,TAS1,,,,0.0
2026-06-25 18:00:00,VIC1,,,,0.0
2026-06-25 18:30:00,NSW1,,,,0.0
2026-06-25 18:30:00,QLD1,,,,0.0
2026-06-25 18:30:00,SA1,,,,0.0
2026-06-25 18:30:00,TAS1,,,,0.0
2026-06-25 18:30:00,VIC1,,,,0.0
2026-06-25 19:00:00,NSW1,,,,0.0
2026-06-25 19:00:00,QLD1,,,,0.0
2026-06-25 19:00:00,SA1,,,,0.0
2026-06-25 19:00:00,TAS1,,,,0.0
2026-06-25 19:00:00,VIC1,,,,0.0
2026-06-25 19:30:00,NSW1,,,,0.0
2026-06-25 19:30:00,QLD1,,,,0.0
2026-06-25 19:30:00,SA1,,,,0.0
2026-06-25 19:30:00,TAS1,,,,0.0
2026-06-25 19:30:00,VIC1,,,,0.0
2026-06-25 20:00:00,NSW1,,,,0.0
2026-06-25 20:00:00,QLD1,,,,0.0
2026-06-25 20:00:00,SA1,,,,0.0
2026-06-25 20:00:00,TAS1,,,,0.0
2026-06-25 20:00:00,VIC1,,,,0.0
2026-06-25 20:30:00,NSW1,,,,0.0
2026-06-25 20:30:00,QLD1,,,,0.0
2026-06-25 20:30:00,SA1,,,,0.0
2026-06-25 20:30:00,TAS1,,,,0.0
2026-06-25 20:30:00,VIC1,,,,0.0
2026-06-25 21:00:00,NSW1,,,,0.0
2026-06-25 21:00:00,QLD1,,,,0.0
2026-06-25 21:00:00,SA1,,,,0.0
2026-06-25 21:00:00,TAS1,,,,0.0
2026-06-25 21:00:00,VIC1,,,,0.0
2026-06-25 21:30:00,NSW1,,,,0.0
2026-06-25 21:30:00,QLD1,,,,0.0
2026-06-25 21:30:00,SA1,,,,0.0
2026-06-25 21:30:00,TAS1,,,,0.0
2026-06-25 21:30:00,VIC1,,,,0.0
2026-06-25 22:00:00,NSW1,,,,0.0
2026-06-25 22:00:00,QLD1,,,,0.0
2026-06-25 22:00:00,SA1,,,,0.0
2026-06-25 22:00:00,TAS1,,,,0.0
2026-06-25 22:00:00,VIC1,,,,0.0
2026-06-25 22:30:00,NSW1,,,,0.0
2026-06-25 22:30:00,QLD1,,,,0.0
2026-06-25 22:30:00,SA1,,,,0.0
2026-06-25 22:30:00,TAS1,,,,0.0
2026-06-25 22:30:00,VIC1,,,,0.0
2026-06-25 23:00:00,NSW1,,,,0.0
2026-06-25 23:00:00,QLD1,,,,0.0
2026-06-25 23:00:00,SA1,,,,0.0
2026-06-25 23:00:00,TAS1,,,,0.0
2026-06-25 23:00:00,VIC1,,,,0.0
2026-06-25 23:30:00,NSW1,,,,0.0
2026-06-25 23:30:00,QLD1,,,,0.0
2026-06-25 23:30:00,SA1,,,,0.0
2026-06-25 23:30:00,TAS1,,,,0.0
2026-06-25 23:30:00,VIC1,,,,0.0
2026-06-26 00:00:00,NSW1,,,,0.0
2026-06-26 00:00:00,QLD1,,,,0.0
2026-06-26 00:00:00,SA1,,,,0.0
2026-06-26 00:00:00,TAS1,,,,0.0
2026-06-26 00:00:00,VIC1,,,,0.0
2026-06-26 00:30:00,NSW1,,,,0.0
2026-06-26 00:30:00,QLD1,,,,0.0
2026-06-26 00:30:00,SA1,,,,0.0
2026-06-26 00:30:00,TAS1,,,,0.0
2026-06-26 00:30:00,VIC1,,,,0.0
2026-06-26 01:00:00,NSW1,,,,0.0
2026-06-26 01:00:00,QLD1,,,,0.0
2026-06-26 01:00:00,SA1,,,,0.0
2026-06-26 01:00:00,TAS1,,,,0.0
2026-06-26 01:00:00,VIC1,,,,0.0
2026-06-26 01:30:00,NSW1,,,,0.0
2026-06-26 01:30:00,QLD1,,,,0.0
2026-06-26 01:30:00,SA1,,,,0.0
2026-06-26 01:30:00,TAS1,,,,0.0
2026-06-26 01:30:00,VIC1,,,,0.0
2026-06-26 02:00:00,NSW1,,,,0.0
2026-06-26 02:00:00,QLD1,,,,0.0
2026-06-26 02:00:00,SA1,,,,0.0
2026-06-26 02:00:00,TAS1,,,,0.0
2026-06-26 02:00:00,VIC1,,,,0.0
2026-06-26 02:30:00,NSW1,,,,0.0
2026-06-26 02:30:00,QLD1,,,,0.0
2026-06-26 02:30:00,SA1,,,,0.0
2026-06-26 02:30:00,TAS1,,,,0.0
2026-06-26 02:30:00,VIC1,,,,0.0
2026-06-26 03:00:00,NSW1,,,,0.0
2026-06-26 03:00:00,QLD1,,,,0.0
2026-06-26 03:00:00,SA1,,,,0.0
2026-06-26 03:00:00,TAS1,,,,0.0
2026-06-26 03:00:00,VIC1,,,,0.0
2026-06-26 03:30:00,NSW1,,,,0.0
2026-06-26 03:30:00,QLD1,,,,0.0
2026-06-26 03:30:00,SA1,,,,0.0
2026-06-26 03:30:00,TAS1,,,,0.0
2026-06-26 03:30:00,VIC1,,,,0.0
2026-06-26 04:00:00,NSW1,,,,0.0
2026-06-26 04:00:00,QLD1,,,,0.0
2026-06-26 04:00:00,SA1,,,,0.0
2026-06-26 04:00:00,TAS1,,,,0.0
2026-06-26 04:00:00,VIC1,,,,0.0
